Query_ID	Target_ID	Optimal_offset	p-value	E-value	q-value	Overlap	Query_consensus	Target_consensus	Orientation
RRCAGSTGB	MA0521.1	0	7.03538e-10	5.24839e-07	9.83525e-07	9	AACAGCTGC	AACAGCTGCAG	+
RRCAGSTGB	MA1100.2	0	3.39906e-07	0.00025357	0.000158393	9	AACAGCTGC	GGCAGCTGCC	+
RRCAGSTGB	MA0816.1	0	3.39906e-07	0.00025357	0.000158393	9	AACAGCTGC	AGCAGCTGCT	-
RRCAGSTGB	MA0500.2	1	1.20746e-06	0.000900768	0.000260032	9	AACAGCTGC	CAGCAGCTGCTG	-
RRCAGSTGB	MA1472.1	0	1.30205e-06	0.000971326	0.000260032	9	AACAGCTGC	AACAGCTGTT	-
RRCAGSTGB	MA1559.1	0	1.3214e-05	0.00985764	0.00184728	9	AACAGCTGC	AACAGGTGCA	+
RRCAGSTGB	MA1467.1	0	2.81286e-05	0.020984	0.00357482	9	AACAGCTGC	GACAGCTGTT	-
RRCAGSTGB	MA0665.1	0	3.97853e-05	0.0296798	0.00407075	9	AACAGCTGC	AACAGCTGTT	-
RRCAGSTGB	MA0499.2	2	4.28262e-05	0.0319484	0.00407075	9	AACAGCTGC	GGGACAGGTGCTG	-
RRCAGSTGB	MA1485.1	2	4.51164e-05	0.0336568	0.00407075	9	AACAGCTGC	GTAACAGCTGTTGC	-
RRCAGSTGB	MA1648.1	1	4.65904e-05	0.0347564	0.00407075	9	AACAGCTGC	CGGCAGGTGCG	-
RRCAGSTGB	MA1641.1	1	6.15704e-05	0.0459316	0.00453019	9	AACAGCTGC	GAACAGCTGTTC	+
RRCAGSTGB	MA0048.2	0	7.69291e-05	0.0573891	0.00537723	9	AACAGCTGC	CGCAGCTGCG	-
RRCAGSTGB	MA1558.1	0	8.56015e-05	0.0638587	0.00569849	9	AACAGCTGC	GGCAGGTGCA	+
RRCAGSTGB	MA0667.1	0	0.00010534	0.0785837	0.00640271	9	AACAGCTGC	AACAGCTGTT	+
RRCAGSTGB	MA0832.1	2	0.00018711	0.139584	0.0103007	9	AACAGCTGC	GCAACAGCTGTTGT	+
RRCAGSTGB	MA1631.1	2	0.000191576	0.142916	0.0103007	9	AACAGCTGC	GGGGCAGGTGCTG	-
RRCAGSTGB	MA1635.1	0	0.000255491	0.190597	0.0119056	9	AACAGCTGC	CGCAGCTGCG	+
RRCAGSTGB	MA0796.1	1	0.000304137	0.226887	0.0129961	9	AACAGCTGC	TGACAGCTGTCA	+
RRCAGSTGB	MA0797.1	1	0.000304137	0.226887	0.0129961	9	AACAGCTGC	TGACAGCTGTCA	+
RRCAGSTGB	MA0745.2	2	0.000306782	0.228859	0.0129961	9	AACAGCTGC	ATGACAGGTGCAT	-
RRCAGSTGB	MA1619.1	1	0.000367335	0.274032	0.0143506	9	AACAGCTGC	GCACAGCTGTGC	+
RRCAGSTGB	MA0830.2	2	0.000369552	0.275686	0.0143506	9	AACAGCTGC	GGGGCAGGTGCCG	-
RRCAGSTGB	MA0522.3	1	0.000420767	0.313892	0.0155723	9	AACAGCTGC	GGGCAGGTGCG	-
RRCAGSTGB	MA1109.1	1	0.000445569	0.332394	0.0155723	9	AACAGCTGC	GGACAGATGGCAG	+
RRCAGSTGB	MA1642.1	2	0.000445569	0.332394	0.0155723	9	AACAGCTGC	GGAACAGATGGCA	+
RRCAGSTGB	MA1571.1	1	0.000641246	0.47837	0.0213439	9	AACAGCTGC	TGACAGCTGTCA	-
RRCAGSTGB	MA0820.1	0	0.000771857	0.575805	0.0245235	9	AACAGCTGC	AACAGGTGGT	-
RRCAGSTGB	MA0744.2	5	0.000817753	0.610044	0.0251736	9	AACAGCTGC	AAAGCAACAGGTGGTT	+
RRCAGSTGB	MA1638.1	0	0.000841641	0.627864	0.0251736	9	AACAGCTGC	GCCATCTGGT	-
RRCAGSTGB	MA1572.1	1	0.00084634	0.63137	0.0251736	9	AACAGCTGC	TGACAGCTGTCA	-
RRCAGSTGB	MA0743.2	5	0.000896312	0.668649	0.0259321	9	AACAGCTGC	AATTCAACAGGTGGTT	+
RRCAGSTGB	MA0783.1	1	0.00101504	0.757218	0.0275141	9	AACAGCTGC	TGACAGGTGTCA	+
RRCAGSTGB	MA1123.2	1	0.00102344	0.763483	0.0275141	9	AACAGCTGC	AAACATCTGGAAT	-
RRCAGSTGB	MA1529.1	4	0.00110139	0.821639	0.0290512	9	AACAGCTGC	GGGCCGCAGCTGCGTCCC	+
ACACACACACACACA	MA1107.2	-1	0.000675084	0.503613	0.93293	14	ACACACACACACACA	CAGCCACACCCACCCC	+
ACACACACACACACA	MA0162.4	0	0.00125372	0.935279	0.93293	14	ACACACACACACACA	CCACGCCCACGCCC	+
TTTAMAACATAAA	MA1125.1	0	0.00101896	0.760142	1	12	TTTACAACATAAA	TTTAAAAAAAAA	+

# Tomtom (Motif Comparison Tool): Version 5.5.7 compiled on Nov  8 2024 at 04:22:46
# The format of this file is described at https://meme-suite.org/meme/doc/tomtom-output-format.html.
# tomtom -verbosity 1 -oc SRR396786_meme/meme_tomtom_out -min-overlap 5 -dist pearson -evalue -thresh 1 -no-ssc SRR396786_meme/meme_out/meme.xml /home/leyao/Downloads/mousegenome/jaspar.meme
