db_index	motif_id	motif_alt_id	consensus	E-value	adj_p-value	log_adj_p-value	bin_location	bin_width	total_width	sites_in_bin	total_sites	p_success	p-value	mult_tests
   2	1-RACAGCTGB	STREME-1	RACAGCTGB	1.5e-21351	   1.8e-21354	      -49168.82	         0.0	     92.0	        492	       54686	      77776	  0.18699	7.3e-21357	       245
   3	MA0521.1	Tcf12	RACAGCTGSNV	6.4e-20800	   7.7e-20803	      -47898.63	         0.0	     92.0	        490	       51453	      71415	  0.18776	3.2e-20805	       244
   1	RRCAGSTGB	MEME-1	RRCAGSTGB	9.3e-20737	   1.1e-20739	      -47753.20	         0.0	     96.0	        492	       58505	      85922	  0.19512	4.6e-20742	       245
   3	MA1100.2	ASCL1	VGCAGCTGCN	1.4e-18671	   1.7e-18674	      -42997.96	         0.0	     93.0	        491	       55821	      86587	  0.18941	6.8e-18677	       245
   3	MA1619.1	Ptf1a(var.2)	NNACAGCTGTNN	5.4e-18365	   6.5e-18368	      -42292.01	         0.0	     93.0	        489	       52876	      79953	  0.19018	2.7e-18370	       244
   3	MA0499.2	MYOD1	NNGCACCTGTCNB	4.2e-17956	   5.1e-17959	      -41350.50	         0.0	     94.0	        488	       54890	      85299	  0.19262	2.1e-17961	       243
   3	MA0816.1	Ascl2	ARCAGCTGCY	2.4e-17927	   2.9e-17930	      -41284.28	         0.0	     87.0	        491	       51164	      80718	  0.17719	1.2e-17932	       245
   3	MA1641.1	MYF5	NVACAGCTGTBN	1.9e-17338	   2.4e-17341	      -39928.27	         0.0	     87.0	        489	       50194	      79678	  0.17791	9.6e-17344	       244
   3	MA0500.2	MYOG	NDRCAGCTGYHN	5.9e-16211	   7.2e-16214	      -37332.14	         0.0	     93.0	        489	       49219	      76842	  0.19018	2.9e-16216	       244
   3	MA0048.2	NHLH1	CGCAGCTGCK	3.4e-16208	   4.1e-16211	      -37325.81	         0.0	     93.0	        491	       47519	      72845	  0.18941	1.7e-16213	       245
   3	MA1472.1	BHLHA15(var.2)	RVCAGCTGYB	4.8e-15619	   5.7e-15622	      -35969.24	         0.0	     87.0	        491	       50633	      86437	  0.17719	2.3e-15624	       245
   3	MA1635.1	BHLHE22(var.2)	NVCAGCTGBN	1.6e-14538	   2.0e-14541	      -33481.22	         0.0	     87.0	        491	       34794	      48999	  0.17719	8.0e-14544	       245
   3	MA0691.1	TFAP4	AWCAGCTGWT	1.1e-14396	   1.3e-14399	      -33154.65	         0.0	     87.0	        491	       38314	      57811	  0.17719	5.3e-14402	       245
   3	MA0665.1	MSC	AACAGCTGTT	3.3e-13648	   4.0e-13651	      -31431.20	         0.0	     87.0	        491	       40701	      66006	  0.17719	1.6e-13653	       245
   3	MA1620.1	Ptf1a(var.3)	NVACACCTGTNN	6.2e-12899	   7.5e-12902	      -29705.94	         0.0	     87.0	        489	       46669	      84780	  0.17791	3.1e-12904	       244
   3	MA1631.1	ASCL1(var.2)	NNGCACCTGCYNB	1.2e-12494	   1.4e-12497	      -28775.07	         0.0	     88.0	        488	       46396	      84692	  0.18033	5.7e-12500	       243
   3	MA1621.1	Rbpjl	NNVACACCTGTBNN	2.7e-12374	   3.2e-12377	      -28497.93	         0.0	     87.0	        487	       46200	      85197	  0.17864	1.3e-12379	       243
   3	MA0820.1	FIGLA	WMCACCTGKW	4.4e-11970	   5.3e-11973	      -27567.18	         0.0	     83.0	        491	       43671	      82871	  0.16904	2.2e-11975	       245
   3	MA0667.1	MYF6	AACARCTGTT	3.7e-11531	   4.5e-11534	      -26556.52	         0.0	     93.0	        491	       37351	      60765	  0.18941	1.8e-11536	       245
   3	MA0830.2	TCF4	NNGCACCTGCCNN	2.4e-10739	   2.9e-10742	      -24733.31	         0.0	     88.0	        488	       44234	      85559	  0.18033	1.2e-10744	       243
   3	MA1467.1	ATOH1(var.2)	AACAGCTGTC	2.7e-10274	   3.3e-10277	      -23662.48	         0.0	     93.0	        491	       34426	      57126	  0.18941	1.3e-10279	       245
   3	MA1648.1	TCF12(var.2)	NNCACCTGCNN	2.0e-9980	   2.4e-9983	      -22985.85	         0.0	     88.0	        490	       42726	      84661	  0.17959	9.7e-9986	       244
   3	MA1618.1	Ptf1a	NNACAGATGTTNN	4.6e-9827	   5.6e-9830	      -22632.69	         0.0	     88.0	        488	       41881	      82520	  0.18033	2.3e-9832	       243
   3	MA0832.1	Tcf21	RYAACAGCTGTTRN	2.7e-9267	   3.2e-9270	      -21343.79	         0.0	     87.0	        487	       22816	      32561	  0.17864	1.3e-9272	       243
   3	MA0745.2	SNAI2	NBGCACCTGTMNY	1.8e-8686	   2.2e-8689	      -20006.39	         0.0	     94.0	        488	       39020	      75066	  0.19262	8.9e-8692	       243
   3	MA0522.3	TCF3	NVCACCTGCNN	9.5e-8497	   1.1e-8499	      -19569.53	         0.0	     88.0	        490	       40009	      83351	  0.17959	4.7e-8502	       244
   2	39-CASCWGSTG	STREME-39	CASCWGSTG	3.5e-8281	   4.2e-8284	      -19073.17	         0.0	     90.0	        492	       32478	      60475	  0.18293	1.7e-8286	       245
   2	14-CAGCTGTGSY	STREME-14	CAGCTGTGSY	1.3e-8133	   1.6e-8136	      -18733.39	         0.0	     83.0	        491	       25653	      44553	  0.16904	6.3e-8139	       245
   3	MA0607.1	Bhlha15	SCATATGT	1.7e-8031	   2.1e-8034	      -18498.25	         0.0	     87.0	        493	       30354	      56893	  0.17647	8.3e-8037	       246
   3	MA1109.1	NEUROD1	NRACAGATGGYNN	8.9e-7874	   1.1e-7876	      -18135.09	         0.0	     98.0	        488	       40986	      82038	  0.20082	4.4e-7879	       243
   3	MA0091.1	TAL1::TCF3	NSAMCATCTGKT	2.9e-6689	   3.5e-6692	      -15407.64	         0.0	     85.0	        489	       27923	      55988	  0.17382	1.4e-6694	       244
   3	MA1529.1	NHLH2	GGGNCGCAGCTGCGYCCC	2.5e-6686	   3.0e-6689	      -15400.88	         0.0	     87.0	        483	       20960	      34644	  0.18012	1.3e-6691	       241
   3	MA0698.1	ZBTB18	NATCCAGATGTKB	1.3e-6221	   1.6e-6224	      -14330.83	         0.0	     88.0	        488	       27582	      55500	  0.18033	6.5e-6227	       243
   3	MA1468.1	ATOH7	AVCATATGBY	2.0e-6110	   2.4e-6113	      -14074.81	         0.0	    101.0	        491	       37622	      79672	  0.20570	1.0e-6115	       245
   3	MA1559.1	SNAI3	RRCAGGTGYA	2.0e-5813	   2.5e-5816	      -13390.93	         0.0	     93.0	        491	       29470	      61037	  0.18941	1.0e-5818	       245
   3	MA1570.1	TFAP4(var.2)	AHCATRTGDT	1.0e-5593	   1.2e-5596	      -12885.05	         0.0	     97.0	        491	       33678	      73013	  0.19756	5.1e-5599	       245
   3	MA1123.2	TWIST1	NNDCCAGATGTBN	1.3e-5515	   1.5e-5518	      -12705.25	         0.0	     88.0	        488	       34532	      82212	  0.18033	6.3e-5521	       243
   3	MA1485.1	FERD3L	GCRMCAGCTGTYAC	2.0e-5429	   2.4e-5432	      -12506.77	         0.0	     87.0	        487	       17260	      28942	  0.17864	9.9e-5435	       243
   3	MA1642.1	NEUROG2(var.2)	NNVACAGATGGNN	1.3e-5251	   1.6e-5254	      -12097.33	         0.0	     96.0	        488	       35979	      82741	  0.19672	6.4e-5257	       243
   3	MA1571.1	TGIF2LX	TGACAGCTGTCA	6.0e-5220	   7.2e-5223	      -12024.42	         0.0	    103.0	        489	       27501	      53292	  0.21063	3.0e-5225	       244
   3	MA1572.1	TGIF2LY	TGACAGCTGTCA	4.5e-4864	   5.5e-4867	      -11204.98	         0.0	    103.0	        489	       29366	      60479	  0.21063	2.3e-4869	       244
   2	4-CASWTGGY	STREME-4	CASWTGGY	2.3e-4382	   2.8e-4385	      -10095.82	         0.0	     99.0	        493	       34753	      83259	  0.20081	1.1e-4387	       246
   3	MA0797.1	TGIF2	TGACAGSTGTCA	1.7e-3487	   2.1e-3490	       -8035.28	         0.0	    103.0	        489	       16264	      29742	  0.21063	8.6e-3493	       244
   3	MA0103.3	ZEB1	SNCACCTGSVN	8.5e-3294	   1.0e-3296	       -7589.29	         0.0	     94.0	        490	       29244	      76040	  0.19184	4.2e-3299	       244
   3	MA0744.2	SCRT2	NNWGCAACAGGTGDNN	6.3e-3216	   7.6e-3219	       -7409.99	         0.0	     93.0	        485	       28044	      72467	  0.19175	3.1e-3221	       242
   3	MA1558.1	SNAI1	DRCAGGTGYD	1.8e-3145	   2.1e-3148	       -7247.78	         0.0	    105.0	        491	       31638	      78146	  0.21385	8.7e-3151	       245
   3	MA0461.2	Atoh1	RMCATATGBY	4.5e-3122	   5.5e-3125	       -7193.88	         0.0	     91.0	        491	       25664	      66808	  0.18534	2.2e-3127	       245
   3	MA0743.2	SCRT1	NDWKCAACAGGTGKNN	9.5e-2815	   1.1e-2817	       -6486.25	         0.0	     83.0	        485	       23312	      65274	  0.17113	4.7e-2820	       242
   3	MA0774.1	MEIS2	TTGACAGS	2.9e-2355	   3.5e-2358	       -5428.24	         0.0	    105.0	        493	       30064	      80300	  0.21298	1.4e-2360	       246
   3	MA0783.1	PKNOX2	TGACAGGTGTCA	5.6e-2324	   6.7e-2327	       -5356.21	         0.0	    107.0	        489	        8367	      13044	  0.21881	2.8e-2329	       244
   3	MA1568.1	TCF21(var.2)	CACCATATGKYR	3.3e-2272	   3.9e-2275	       -5237.01	         0.0	    101.0	        489	       22099	      55626	  0.20654	1.6e-2277	       244
   3	MA1655.1	ZNF341	NRGAACAGCCNN	4.7e-2265	   5.7e-2268	       -5220.52	         0.0	     91.0	        489	       28073	      83912	  0.18609	2.3e-2270	       244
   3	MA0649.1	HEY2	GRCACGTGYC	5.5e-2244	   6.6e-2247	       -5172.02	         0.0	    107.0	        491	       21933	      52779	  0.21792	2.7e-2249	       245
   3	MA1629.1	Zic2	NDCACAGCAGGDRG	1.1e-2149	   1.3e-2152	       -4954.87	         0.0	    111.0	        487	       30002	      77368	  0.22793	5.5e-2155	       243
   3	MA1593.1	ZNF317	WVACAGCAGAYW	2.5e-2049	   3.0e-2052	       -4723.80	         0.0	     91.0	        489	       26765	      81288	  0.18609	1.2e-2054	       244
   3	MA0669.1	NEUROG2	RACATATGTC	1.7e-2028	   2.0e-2031	       -4675.84	         0.0	    103.0	        491	       14673	      32669	  0.20978	8.3e-2034	       245
   3	MA0147.3	MYC	NNCCACGTGCNB	4.3e-2005	   5.2e-2008	       -4621.95	         0.0	    117.0	        489	       27127	      66425	  0.23926	2.1e-2010	       244
   3	MA0664.1	MLXIPL	RTCACGTGAT	9.6e-1960	   1.2e-1962	       -4517.52	         0.0	    115.0	        491	       20728	      48078	  0.23422	4.8e-1965	       245
   3	MA1493.1	HES6	GGCACGTGTY	7.5e-1931	   9.1e-1934	       -4450.99	         0.0	    107.0	        491	       17632	      41450	  0.21792	3.7e-1936	       245
   3	MA0775.1	MEIS3	DTGACAGS	4.6e-1616	   5.5e-1619	       -3726.17	         0.0	    105.0	        493	       28999	      84894	  0.21298	2.3e-1621	       246
   3	MA0825.1	MNT	RVCACGTGMH	1.2e-1575	   1.4e-1578	       -3633.13	         0.0	    115.0	        491	       23114	      58961	  0.23422	5.8e-1581	       245
   3	MA1628.1	Zic1::Zic2	CVCAGCAGGNV	1.6e-1553	   1.9e-1556	       -3582.17	         0.0	    122.0	        490	       30065	      77723	  0.24898	7.9e-1559	       244
   3	MA0829.2	SREBF1(var.2)	DNATCACSTGATNH	3.9e-1427	   4.7e-1430	       -3291.15	         0.0	     89.0	        487	       15795	      46277	  0.18275	1.9e-1432	       243
   3	MA0692.1	TFEB	RYCACGTGAC	3.1e-1400	   3.8e-1403	       -3229.20	         0.0	    123.0	        491	       24773	      62373	  0.25051	1.5e-1405	       245
   3	MA0668.1	NEUROD2	RMCATATGBY	7.9e-1298	   9.6e-1301	       -2993.40	         0.0	    105.0	        491	       22816	      66203	  0.21385	3.9e-1303	       245
   3	MA0796.1	TGIF1	TGACAGCTGTCA	1.0e-1276	   1.2e-1279	       -2944.80	         0.0	     93.0	        489	        3709	       5633	  0.19018	5.0e-1282	       244
   3	MA0782.2	PKNOX1	NNTGAGTGACAGVNN	3.8e-1252	   4.6e-1255	       -2888.21	         0.0	     94.0	        486	       23517	      76075	  0.19342	1.9e-1257	       242
   3	MA0058.3	MAX	AVCACGTGNY	2.3e-1233	   2.8e-1236	       -2844.98	         0.0	    133.0	        491	       21913	      51495	  0.27088	1.1e-1238	       245
   3	MA1524.1	MSGN1	NRCCAWWTGKYN	6.2e-1230	   7.5e-1233	       -2837.07	         0.0	    131.0	        489	       27885	      69800	  0.26789	3.1e-1235	       244
   3	MA1114.1	PBX3	NNNTGAGTGACAGGBNN	1.7e-1225	   2.1e-1228	       -2826.86	         0.0	    112.0	        484	       26906	      76468	  0.23140	8.5e-1231	       241
   3	MA0498.2	MEIS1	HTGACAD	8.1e-1187	   9.8e-1190	       -2737.80	         0.0	    106.0	        494	       27990	      86618	  0.21457	4.0e-1192	       246
   3	MA0104.4	MYCN	VVCCACGTGGBB	1.0e-1095	   1.2e-1098	       -2528.04	         0.0	    135.0	        489	       20826	      48857	  0.27607	5.0e-1101	       244
   3	MA1638.1	HAND2	NVCAGATGNN	1.7e-975	   2.1e-978	       -2251.20	         0.0	    121.0	        491	       19143	      50096	  0.24644	8.4e-981	       245
   3	MA0093.3	USF1	NDGTCATGTGACHN	1.5e-962	   1.8e-965	       -2221.41	         0.0	    107.0	        487	       20042	      59037	  0.21971	7.4e-968	       243
   3	MA0823.1	HEY1	GRCACGTGCC	7.7e-924	   9.3e-927	       -2132.27	         0.0	    107.0	        491	       11379	      29451	  0.21792	3.8e-929	       245
   3	MA0526.3	USF2	NDGTCATGTGACHN	3.5e-847	   4.2e-850	       -1955.77	         0.0	    119.0	        487	       21659	      60409	  0.24435	1.7e-852	       243
   3	MA1102.2	CTCFL	NSCAGGGGGCGS	7.6e-822	   9.1e-825	       -1897.42	         0.0	    115.0	        489	       22363	      65413	  0.23517	3.7e-827	       244
   3	MA1521.1	MAFA	NTGCTGASTCAGCAN	4.5e-757	   5.5e-760	       -1748.26	         0.0	    116.0	        486	       20505	      59102	  0.23868	2.3e-762	       242
   3	MA0100.3	MYB	NNCAACTGHH	1.1e-754	   1.3e-757	       -1742.80	         0.0	    121.0	        491	       15401	      40650	  0.24644	5.3e-760	       245
   3	MA0513.1	SMAD2::SMAD3::SMAD4	CTGTCTGDCACCT	2.1e-752	   2.6e-755	       -1737.50	         0.0	    126.0	        488	       24383	      67512	  0.25820	1.1e-757	       243
   3	MA0739.1	Hic1	RTGCCAACY	7.8e-697	   9.4e-700	       -1609.57	         0.0	    124.0	        492	       28379	      83413	  0.25203	3.8e-702	       245
   3	MA0139.1	CTCF	YGRCCASYAGRKGGCRSYR	1.3e-692	   1.5e-695	       -1599.88	         0.0	    162.0	        482	       19683	      41878	  0.33610	6.3e-698	       240
   3	MA0827.1	OLIG3	AMCATATGBY	3.8e-683	   4.6e-686	       -1578.05	         0.0	     91.0	        491	       15895	      56216	  0.18534	1.9e-688	       245
   2	63-AGCAGCAGCAGCAGC	STREME-63	AGCAGCAGCAGCAGC	4.1e-597	   5.0e-600	       -1379.94	         0.0	    110.0	        486	        8507	      22182	  0.22634	2.1e-602	       242
   3	MA0671.1	NFIX	NNTGCCAAN	8.3e-576	   1.0e-578	       -1330.90	         0.0	    142.0	        492	       32217	      87127	  0.28862	4.1e-581	       245
   3	MA0831.2	TFE3	CACGTGAY	2.1e-561	   2.6e-564	       -1297.70	         0.0	    135.0	        493	       22077	      59710	  0.27383	1.1e-566	       246
   3	MA0496.3	MAFK	NGMTGACTCAGCMNH	6.2e-558	   7.5e-561	       -1289.74	         0.0	    118.0	        486	       23409	      71583	  0.24280	3.1e-563	       242
   3	MA1633.1	BACH1	NVTGACTCAGCAN	3.4e-550	   4.1e-553	       -1271.92	         0.0	    140.0	        488	       22893	      59794	  0.28689	1.7e-555	       243
   3	MA0806.1	TBX4	AGGTGTGA	5.5e-550	   6.6e-553	       -1271.44	         0.0	     95.0	        493	       21603	      81400	  0.19270	2.7e-555	       246
   3	MA0751.1	ZIC4	GRCCCCCCGCKGYGH	7.9e-549	   9.5e-552	       -1268.77	         0.0	    120.0	        486	       18981	      55388	  0.24691	3.9e-554	       242
   3	MA1646.1	OSR2	NNACAGAAGCNN	3.9e-545	   4.7e-548	       -1260.26	         0.0	    115.0	        489	       26609	      85755	  0.23517	1.9e-550	       244
   3	MA0059.1	MAX::MYC	RASCACGTGGT	1.1e-510	   1.4e-513	       -1180.91	         0.0	    148.0	        490	       14700	      34508	  0.30204	5.6e-516	       244
   3	MA0818.1	BHLHE22	AMCATATGBT	1.9e-505	   2.3e-508	       -1168.87	         0.0	    111.0	        491	       11290	      32882	  0.22607	9.5e-511	       245
   3	MA0603.1	Arntl	NGTCACGTGH	1.7e-503	   2.0e-506	       -1164.42	         0.0	    141.0	        491	       20926	      54594	  0.28717	8.2e-509	       245
   3	MA0826.1	OLIG1	AMCATATGKT	7.1e-496	   8.6e-499	       -1146.84	         0.0	    113.0	        491	        8173	      21810	  0.23014	3.5e-501	       245
   3	MA1520.1	MAF	NTGCTGASTCAGCAH	8.2e-478	   1.0e-480	       -1105.24	         0.0	    116.0	        486	       18334	      56174	  0.23868	4.1e-483	       242
   3	MA0597.1	THAP1	YTGCCCDBA	1.0e-442	   1.2e-445	       -1024.45	         0.0	    170.0	        492	       36761	      87670	  0.34553	5.0e-448	       245
   3	MA0738.1	HIC2	RTGCCCRSB	8.1e-439	   9.8e-442	       -1015.46	         0.0	    134.0	        492	       29562	      86366	  0.27236	4.0e-444	       245
   3	MA0828.1	SREBF2(var.2)	ATCACGTGAY	7.2e-425	   8.7e-428	        -983.34	         0.0	    115.0	        491	        6435	      16533	  0.23422	3.5e-430	       245
   3	MA1560.1	SOHLH2	YGCACGTGCN	1.3e-402	   1.5e-405	        -932.13	         0.0	    151.0	        491	       17118	      42035	  0.30754	6.2e-408	       245
   3	MA0506.1	NRF1	GCGCVTGCGCR	5.0e-397	   6.1e-400	        -919.23	         0.0	    130.0	        490	       10824	      28316	  0.26531	2.5e-402	       244
   3	MA0807.1	TBX5	AGGTGTKA	1.5e-391	   1.8e-394	        -906.61	         0.0	    107.0	        493	       24002	      86109	  0.21704	7.5e-397	       246
   3	MA0620.3	MITF	NNNDRTCACGTGAYHNNN	1.0e-389	   1.2e-392	        -902.40	         0.0	    121.0	        483	       13303	      38198	  0.25052	5.1e-395	       241
   3	MA0801.1	MGA	AGGTGTGA	2.8e-389	   3.4e-392	        -901.40	         0.0	    107.0	        493	       21128	      74583	  0.21704	1.4e-394	       246
   3	MA0626.1	Npas2	NSCACGTGTN	5.7e-387	   6.9e-390	        -896.07	         0.0	    137.0	        491	       20267	      56085	  0.27902	2.8e-392	       245
   3	MA0633.1	Twist2	NCCATATGTK	1.3e-385	   1.6e-388	        -892.93	         0.0	    131.0	        491	       14167	      38827	  0.26680	6.6e-391	       245
   3	MA1099.2	HES1	GGCRCGTGBC	8.0e-385	   9.7e-388	        -891.13	         0.0	    151.0	        491	       15839	      38711	  0.30754	4.0e-390	       245
   2	6-CCASHAGRGGGCR	STREME-6	CCASHAGRGGGCR	1.7e-384	   2.0e-387	        -890.38	         0.0	    154.0	        488	        6690	      13667	  0.31557	8.4e-390	       243
   3	MA0591.1	Bach1::Mafk	RSSATGACTCAGCAB	1.5e-374	   1.8e-377	        -867.49	         0.0	    142.0	        486	        8647	      20066	  0.29218	7.4e-380	       242
   3	MA0623.2	NEUROG1	RACATATGTY	3.6e-372	   4.4e-375	        -862.00	         0.0	    115.0	        491	        7443	      20466	  0.23422	1.8e-377	       245
   2	52-TATCTGCAGCTGGCA	STREME-52	TATCTGCAGCTGGCA	2.0e-370	   2.5e-373	        -857.96	         0.0	    102.0	        486	        1580	       2762	  0.20988	1.0e-375	       242
   3	MA0819.1	CLOCK	AACACGTGTH	9.1e-369	   1.1e-371	        -854.16	         0.0	    141.0	        491	       18214	      48675	  0.28717	4.5e-374	       245
   3	MA1566.1	TBX3	RAGGTGTSAN	2.6e-368	   3.2e-371	        -853.10	         0.0	    145.0	        491	       31119	      86264	  0.29532	1.3e-373	       245
   2	7-CTGTCAMTCA	STREME-7	CTGTCAMTCA	1.2e-361	   1.5e-364	        -837.76	         0.0	    111.0	        491	       14706	      47856	  0.22607	6.0e-367	       245
   3	MA0464.2	BHLHE40	VKCACGTGMC	1.7e-352	   2.1e-355	        -816.67	         0.0	    135.0	        491	       10782	      27865	  0.27495	8.6e-358	       245
   3	MA1643.1	NFIB	NNCCTGGCAYNGTGCCAAGNN	1.4e-338	   1.6e-341	        -784.69	         0.0	    170.0	        480	       12276	      25878	  0.35417	6.9e-344	       239
   2	17-GTCACYR	STREME-17	GTCACYR	2.9e-335	   3.5e-338	        -777.02	         0.0	    154.0	        494	       26193	      68409	  0.31174	1.4e-340	       246
   3	MA0067.1	Pax2	NGTCAYKB	5.1e-320	   6.2e-323	        -741.92	         0.0	    139.0	        493	       29509	      86242	  0.28195	2.5e-325	       246
   3	MA1583.1	ZFP57	NNVTTGCCGCANN	2.2e-317	   2.6e-320	        -735.87	         0.0	    140.0	        488	       14875	      39498	  0.28689	1.1e-322	       243
   2	50-AGTGAC	STREME-50	AGTGAC	1.6e-314	   2.0e-317	        -729.24	         0.0	    147.0	        495	       30962	      86644	  0.29697	8.0e-320	       247
   3	MA0608.1	Creb3l2	GCCACGTGD	3.0e-307	   3.6e-310	        -712.52	         0.0	    126.0	        492	        6038	      15244	  0.25610	1.5e-312	       245
   3	MA1615.1	Plagl1	NNCTGGGGCCABN	1.8e-300	   2.2e-303	        -696.89	         0.0	    138.0	        488	       26032	      75388	  0.28279	9.1e-306	       243
   2	24-GCCCTGCCC	STREME-24	GCCCTGCCC	2.9e-297	   3.5e-300	        -689.52	         0.0	    182.0	        492	       32257	      73876	  0.36992	1.4e-302	       245
   3	MA0616.2	HES2	GGCACGTGYC	4.9e-286	   5.9e-289	        -663.67	         0.0	    151.0	        491	       11785	      28798	  0.30754	2.4e-291	       245
   3	MA0696.1	ZIC1	GACCCCCYGCTGTG	3.0e-285	   3.7e-288	        -661.84	         0.0	    115.0	        487	        6061	      16760	  0.23614	1.5e-290	       243
   3	MA1567.1	TBX6	DAGGTGTKAW	1.2e-271	   1.4e-274	        -630.55	         0.0	    115.0	        491	       24235	      84356	  0.23422	5.8e-277	       245
   3	MA0871.2	TFEC	NVCACGTGACN	1.7e-268	   2.1e-271	        -623.26	         0.0	    140.0	        490	        8108	      20175	  0.28571	8.6e-274	       244
   3	MA0150.2	Nfe2l2	CASNATGACTCAGCA	2.0e-264	   2.4e-267	        -613.89	         0.0	    144.0	        486	       14615	      38474	  0.29630	1.0e-269	       242
   3	MA0678.1	OLIG2	AMCATATGKT	1.5e-262	   1.8e-265	        -609.61	         0.0	     91.0	        491	        9814	      38022	  0.18534	7.2e-268	       245
   3	MA0014.3	PAX5	RRGCGTGACCNN	4.0e-262	   4.8e-265	        -608.61	         0.0	    157.0	        489	       25117	      65073	  0.32106	2.0e-267	       244
   3	MA0089.2	NFE2L1	NVNATGACTCAGCADW	8.5e-259	   1.0e-261	        -600.95	         0.0	    169.0	        485	       12498	      27808	  0.34845	4.2e-264	       242
   3	MA1108.2	MXI1	NNCACATGBN	7.4e-254	   9.0e-257	        -589.57	         0.0	    141.0	        491	       21486	      61161	  0.28717	3.7e-259	       245
   3	MA0119.1	NFIC::TLX1	TGGCASSRWGCCAA	2.1e-253	   2.6e-256	        -588.51	         0.0	    167.0	        487	        5630	      11242	  0.34292	1.1e-258	       243
   3	MA0803.1	TBX15	AGGTGTGA	2.3e-253	   2.8e-256	        -588.44	         0.0	     95.0	        493	       14349	      57083	  0.19270	1.1e-258	       246
   3	MA1542.1	OSR1	HGCTACYGTD	4.0e-251	   4.8e-254	        -583.29	         0.0	    125.0	        491	       17948	      56273	  0.25458	2.0e-256	       245
   2	5-RTGASTCAY	STREME-5	RTGASTCAY	1.4e-250	   1.6e-253	        -582.06	         0.0	    170.0	        492	       15495	      35801	  0.34553	6.7e-256	       245
   3	MA1528.1	NFIX(var.2)	STTGGCRNNGTGCCARB	6.9e-245	   8.3e-248	        -568.92	         0.0	    170.0	        484	       10571	      23004	  0.35124	3.5e-250	       241
   2	56-CAGTCAGGAGCACA	STREME-56	CAGTCAGGAGCACA	5.5e-243	   6.6e-246	        -564.54	         0.0	    113.0	        487	       10762	      34601	  0.23203	2.7e-248	       243
   3	MA0117.2	Mafb	AWWNTGCTGACD	1.3e-240	   1.6e-243	        -559.07	         0.0	    135.0	        489	       23653	      70956	  0.27607	6.5e-246	       244
   3	MA0478.1	FOSL2	KRRTGASTCAB	5.2e-233	   6.3e-236	        -541.57	         0.0	    168.0	        490	       12782	      29328	  0.34286	2.6e-238	       244
   3	MA0748.2	YY2	NVATGGCGGCS	7.7e-220	   9.3e-223	        -511.24	         0.0	    158.0	        490	       22935	      59626	  0.32245	3.8e-225	       244
   3	MA1474.1	CREB3L4	YGCCACGTCAYC	1.6e-219	   1.9e-222	        -510.54	         0.0	    157.0	        489	       22005	      57236	  0.32106	7.7e-225	       244
   3	MA1475.1	CREB3L4(var.2)	GRTGACGTCAYC	2.8e-217	   3.4e-220	        -505.35	         0.0	    157.0	        489	       14066	      34987	  0.32106	1.4e-222	       244
   3	MA0501.1	MAF::NFE2	ATGACTCAGCANWTY	2.7e-213	   3.3e-216	        -496.17	         0.0	    136.0	        486	        8886	      23730	  0.27984	1.4e-218	       242
   3	MA1101.2	BACH2	DWANCATGASTCATSNTWH	2.3e-211	   2.8e-214	        -491.71	         0.0	    186.0	        482	        4998	       9109	  0.38589	1.2e-216	       240
   2	47-ACRCATGTGC	STREME-47	ACRCATGTGC	2.4e-210	   2.9e-213	        -489.40	         0.0	    163.0	        491	        8551	      19425	  0.33198	1.2e-215	       245
   3	MA0798.2	RFX3	BNGTTGCYATGGHA	1.1e-209	   1.3e-212	        -487.85	         0.0	    121.0	        487	       18825	      61921	  0.24846	5.6e-215	       243
   3	MA0161.2	NFIC	NNCTTGGCANN	6.0e-203	   7.2e-206	        -472.35	         0.0	    166.0	        490	       28908	      73535	  0.33878	3.0e-208	       244
   2	54-CCTAGCAAC	STREME-54	CCTAGCAAC	3.9e-202	   4.7e-205	        -470.49	         0.0	    100.0	        492	       16279	      64245	  0.20325	1.9e-207	       245
   3	MA0655.1	JDP2	ATGACTCAT	6.0e-197	   7.3e-200	        -458.53	         0.0	    184.0	        492	       10016	      21013	  0.37398	3.0e-202	       245
   3	MA1141.1	FOS::JUND	NKATGAGTCATNN	1.6e-196	   2.0e-199	        -457.53	         0.0	    142.0	        488	       13159	      36045	  0.29098	8.1e-202	       243
   3	MA0509.2	RFX1	NDGTTGCYATGGNA	2.0e-193	   2.4e-196	        -450.44	         0.0	    117.0	        487	       18314	      62556	  0.24025	9.8e-199	       243
   3	MA0146.2	Zfx	SSSGCCBVGGCCTS	2.9e-190	   3.5e-193	        -443.14	         0.0	    205.0	        487	       26086	      53813	  0.42094	1.5e-195	       243
   3	MA0609.2	CREM	NNDGTGACGTCACHNN	1.5e-187	   1.8e-190	        -436.92	         0.0	    173.0	        485	       19245	      45380	  0.35670	7.3e-193	       242
   3	MA0092.1	Hand1::Tcf3	BRTCTGGMWT	1.7e-187	   2.0e-190	        -436.78	         0.0	    165.0	        491	       32727	      85119	  0.33605	8.3e-193	       245
   3	MA0002.2	RUNX1	BBYTGTGGTTT	7.6e-186	   9.2e-189	        -432.97	         0.0	    160.0	        490	       32074	      85695	  0.32653	3.8e-191	       244
   3	MA0006.1	Ahr::Arnt	YGCGTG	7.5e-184	   9.0e-187	        -428.38	         0.0	    159.0	        495	       26699	      71571	  0.32121	3.7e-189	       247
   3	MA1554.1	RFX7	CGTTGCYAY	1.7e-183	   2.0e-186	        -427.57	         0.0	    132.0	        492	       24637	      78081	  0.26829	8.3e-189	       245
   3	MA0814.2	TFAP2C(var.2)	NNGCCTGAGGCGNN	1.7e-177	   2.1e-180	        -413.74	         0.0	    207.0	        487	       33948	      70906	  0.42505	8.5e-183	       243
   3	MA1527.1	NFIC(var.2)	NTTGGCDNNRTGCCARN	6.7e-176	   8.1e-179	        -410.07	         0.0	    164.0	        484	        3800	       7619	  0.33884	3.4e-181	       241
   3	MA1144.1	FOSL2::JUND	KATGACTCAT	8.9e-176	   1.1e-178	        -409.79	         0.0	    143.0	        491	       13510	      37541	  0.29124	4.4e-181	       245
   3	MA0697.1	ZIC3	GACCCCCCGCTGYGH	3.8e-173	   4.5e-176	        -403.74	         0.0	    188.0	        486	       12180	      25680	  0.38683	1.9e-178	       242
   3	MA1134.1	FOS::JUNB	KATGASTCATHN	1.2e-171	   1.4e-174	        -400.31	         0.0	    179.0	        489	       14934	      33851	  0.36605	5.8e-177	       244
   3	MA1622.1	Smad2::Smad3	NNDRTGACTCATNN	2.6e-169	   3.2e-172	        -394.88	         0.0	    149.0	        487	       22190	      61828	  0.30595	1.3e-174	       243
   3	MA0489.1	JUN(var.2)	RRRRRRTGASTCAT	3.1e-166	   3.8e-169	        -387.80	         0.0	    131.0	        487	       10597	      31083	  0.26899	1.6e-171	       243
   3	MA1656.1	ZNF449	NNAAGCCCAACCNN	6.3e-163	   7.6e-166	        -380.20	         0.0	    139.0	        487	       22648	      67791	  0.28542	3.1e-168	       243
   3	MA0524.2	TFAP2C	YGCCYBVRGGCA	1.2e-161	   1.4e-164	        -377.26	         0.0	    205.0	        489	       30752	      65054	  0.41922	5.9e-167	       244
   3	MA1516.1	KLF3	GRCCRCGCCCH	1.5e-161	   1.8e-164	        -377.04	         0.0	    176.0	        490	       18431	      43558	  0.35918	7.4e-167	       244
   3	MA1130.1	FOSL2::JUN	NNRTGAGTCAYN	4.1e-160	   5.0e-163	        -373.72	         0.0	    141.0	        489	       17157	      49737	  0.28834	2.0e-165	       244
   3	MA0099.3	FOS::JUN	ATGAGTCAYM	8.4e-157	   1.0e-159	        -366.10	         0.0	    143.0	        491	       19317	      56141	  0.29124	4.1e-162	       245
   2	60-CCATGGCAAC	STREME-60	CCATGGCAAC	4.9e-155	   5.9e-158	        -362.04	         0.0	    133.0	        491	       11776	      35009	  0.27088	2.4e-160	       245
   3	MA0511.2	RUNX2	WAACCGCAA	6.9e-153	   8.3e-156	        -357.09	         0.0	    144.0	        492	       20362	      59279	  0.29268	3.4e-158	       245
   3	MA0130.1	ZNF354C	MTCCAC	7.0e-153	   8.5e-156	        -357.07	         0.0	    133.0	        495	       26581	      85796	  0.26869	3.4e-158	       247
   3	MA0477.2	FOSL1	NNATGACTCATNN	1.2e-152	   1.5e-155	        -356.52	         0.0	    186.0	        488	       21968	      49951	  0.38115	6.0e-158	       243
   3	MA1128.1	FOSL1::JUN	NKATGACTCATNN	1.7e-151	   2.1e-154	        -353.87	         0.0	    170.0	        488	       20735	      51181	  0.34836	8.5e-157	       243
   3	MA0810.1	TFAP2A(var.2)	YGCCCBVRGGCR	5.9e-150	   7.1e-153	        -350.33	         0.0	    205.0	        489	       29817	      63236	  0.41922	2.9e-155	       244
   3	MA1105.2	GRHL2	NRAACAGGTTYN	2.1e-149	   2.6e-152	        -349.06	         0.0	     73.0	        489	       14065	      76237	  0.14928	1.0e-154	       244
   3	MA0629.1	Rhox11	ANKNCGCTGTWAWDVRW	6.9e-148	   8.4e-151	        -345.57	         0.0	     40.0	        484	        6795	      59663	  0.08264	3.5e-153	       241
   3	MA0841.1	NFE2	VATGACTCATS	2.2e-145	   2.6e-148	        -339.81	         0.0	    180.0	        490	        3907	       7588	  0.36735	1.1e-150	       244
   3	MA0670.1	NFIA	NDTGCCAAND	4.1e-144	   5.0e-147	        -336.87	         0.0	    165.0	        491	        9811	      23494	  0.33605	2.0e-149	       245
   3	MA0476.1	FOS	DVTGASTCATB	1.4e-143	   1.7e-146	        -335.66	         0.0	    182.0	        490	       10483	      23032	  0.37143	6.9e-149	       244
   3	MA0842.2	NRL	AAWWNTGCTGACG	1.2e-140	   1.5e-143	        -328.88	         0.0	    116.0	        488	        9042	      29861	  0.23770	6.1e-146	       243
   3	MA0805.1	TBX1	AGGTGTGA	1.1e-139	   1.3e-142	        -326.68	         0.0	    107.0	        493	       13942	      52787	  0.21704	5.4e-145	       246
   3	MA0811.1	TFAP2B	YGCCCBVRGGCA	1.1e-138	   1.4e-141	        -324.34	         0.0	    205.0	        489	       29313	      62383	  0.41922	5.7e-144	       244
   3	MA0802.1	TBR1	AGGTGTGAAA	2.6e-138	   3.1e-141	        -323.52	         0.0	     85.0	        491	       12743	      59615	  0.17312	1.3e-143	       245
   3	MA1135.1	FOSB::JUNB	KRTGASTCAT	1.0e-137	   1.3e-140	        -322.14	         0.0	    181.0	        491	       15904	      36698	  0.36864	5.1e-143	       245
   3	MA0003.4	TFAP2A	NNKGCCTCAGGCNN	3.1e-137	   3.8e-140	        -321.03	         0.0	    205.0	        487	       33760	      72165	  0.42094	1.6e-142	       243
   3	MA1584.1	ZIC5	VGACCCCCCGCTGHGM	2.7e-136	   3.3e-139	        -318.86	         0.0	    109.0	        485	        4204	      13090	  0.22474	1.4e-141	       242
   3	MA1581.1	ZBTB6	DNSCTTGAGCCNV	7.1e-136	   8.5e-139	        -317.91	         0.0	    178.0	        488	       30576	      74643	  0.36475	3.5e-141	       243
   3	MA1464.1	ARNT2	GTCACGTGMN	1.1e-132	   1.3e-135	        -310.57	         0.0	    201.0	        491	       10685	      21650	  0.40937	5.4e-138	       245
   3	MA1647.1	PRDM4	DDCTGTTTCWN	7.6e-132	   9.2e-135	        -308.62	         0.0	     78.0	        490	       16021	      83661	  0.15918	3.8e-137	       244
   3	MA0138.2	REST	TTCAGCACCATGGACAGCDCC	1.1e-131	   1.3e-134	        -308.30	         0.0	    126.0	        480	        4984	      13902	  0.26250	5.4e-137	       239
   2	46-CACGCCC	STREME-46	CACGCCC	1.3e-128	   1.5e-131	        -301.21	         0.0	    180.0	        494	       23553	      56826	  0.36437	6.2e-134	       246
   3	MA0812.1	TFAP2B(var.2)	HGCCTSAGGCD	7.3e-127	   8.8e-130	        -297.16	         0.0	    182.0	        490	       20515	      48191	  0.37143	3.6e-132	       244
   3	MA0632.2	TCFL5	KCACGCGCMC	4.0e-125	   4.8e-128	        -293.16	         0.0	    189.0	        491	       14607	      32375	  0.38493	2.0e-130	       245
   3	MA0259.1	ARNT::HIF1A	VBACGTGC	4.3e-124	   5.2e-127	        -290.79	         0.0	    165.0	        493	       16382	      41884	  0.33469	2.1e-129	       246
   3	MA0491.2	JUND	NNATGACTCATNN	1.7e-123	   2.1e-126	        -289.38	         0.0	    170.0	        488	       19148	      47685	  0.34836	8.7e-129	       243
   3	MA1138.1	FOSL2::JUNB	KRTGASTCAT	9.5e-122	   1.1e-124	        -285.39	         0.0	    167.0	        491	       13087	      32393	  0.34012	4.7e-127	       245
   3	MA1515.1	KLF2	NRCCACRCCCH	1.4e-120	   1.7e-123	        -282.70	         0.0	    154.0	        490	       26742	      75319	  0.31429	6.9e-126	       244
   3	MA0018.4	CREB1	NNRTGATGTCAYN	1.8e-120	   2.2e-123	        -282.42	         0.0	    104.0	        488	       16523	      65564	  0.21311	9.1e-126	       243
   2	73-CACYSRGTG	STREME-73	CACYSRGTG	5.1e-117	   6.1e-120	        -274.50	         0.0	    170.0	        492	       13505	      33125	  0.34553	2.5e-122	       245
   3	MA0742.1	Klf12	GRCCACGCCCWHHWH	5.8e-117	   7.0e-120	        -274.36	         0.0	    176.0	        486	       12104	      28133	  0.36214	2.9e-122	       242
   3	MA1132.1	JUN::JUNB	KATGACKCAT	1.2e-112	   1.4e-115	        -264.43	         0.0	    171.0	        491	       28903	      74319	  0.34827	5.9e-118	       245
   3	MA1517.1	KLF6	NRCCACGCCCH	2.8e-112	   3.4e-115	        -263.57	         0.0	    170.0	        490	       25646	      65749	  0.34694	1.4e-117	       244
   3	MA0079.4	SP1	BWRGCCACGCCCMCH	1.3e-111	   1.6e-114	        -262.05	         0.0	    202.0	        486	        8418	      16708	  0.41564	6.4e-117	       242
   3	MA1107.2	KLF9	MNGCCACACCCACHYV	1.3e-109	   1.6e-112	        -257.43	         0.0	    151.0	        485	       24758	      70440	  0.31134	6.5e-115	       242
   3	MA0646.1	GCM1	BATGCGGGTAC	2.3e-105	   2.8e-108	        -247.66	         0.0	    118.0	        490	       14280	      50243	  0.24082	1.1e-110	       244
   3	MA1650.1	ZBTB14	SSCCGCGCACVS	4.8e-104	   5.8e-107	        -244.61	         0.0	    169.0	        489	       16942	      42650	  0.34560	2.4e-109	       244
   2	43-CCACACCC	STREME-43	CCACACCC	1.5e-96	   1.9e-99	        -227.34	         0.0	    163.0	        493	       17852	      47300	  0.33063	7.5e-102	       246
   3	MA0659.2	MAFG	DAGTCAGCATTTYHN	1.1e-94	   1.3e-97	        -223.09	         0.0	    126.0	        486	       19834	      67089	  0.25926	5.4e-100	       242
   3	MA0636.1	BHLHE41	RTCACGTGAC	2.6e-94	   3.2e-97	        -222.20	         0.0	    177.0	        491	        3451	       7146	  0.36049	1.3e-99	       245
   3	MA1563.1	SOX18	VACAAYGS	3.3e-92	   4.0e-95	        -217.35	         0.0	    151.0	        493	       29311	      86356	  0.30629	1.6e-97	       246
   3	MA0462.2	BATF::JUN	DATGACTCATH	2.2e-91	   2.7e-94	        -215.45	         0.0	    142.0	        490	       21623	      66126	  0.28980	1.1e-96	       244
   2	45-CAAATGCC	STREME-45	CAAATGCC	1.8e-89	   2.2e-92	        -211.05	         0.0	    185.0	        493	       14755	      34347	  0.37525	9.0e-95	       246
   3	MA1634.1	BATF	DATGACTCATH	6.2e-88	   7.5e-91	        -207.51	         0.0	    126.0	        490	       19564	      66959	  0.25714	3.1e-93	       244
   3	MA0502.2	NFYB	CYCATTGGCCVV	9.6e-87	   1.2e-89	        -204.78	         0.0	    197.0	        489	       27300	      61597	  0.40286	4.8e-92	       244
   3	MA0822.1	HES7	YGGCACGTGCCR	2.1e-83	   2.5e-86	        -197.09	         0.0	    115.0	        489	        1140	       2816	  0.23517	1.0e-88	       244
   3	MA0490.2	JUNB	NNATGACTCATNN	3.5e-83	   4.3e-86	        -196.57	         0.0	    170.0	        488	       20000	      51197	  0.34836	1.8e-88	       243
   3	MA1599.1	ZNF682	BVGGCYAAGCCCCWNY	3.9e-83	   4.8e-86	        -196.46	         0.0	    215.0	        485	       25717	      52869	  0.44330	2.0e-88	       242
   3	MA0746.2	SP3	NGCCACGCCCMCH	4.4e-81	   5.3e-84	        -191.74	         0.0	    166.0	        488	       18304	      47767	  0.34016	2.2e-86	       243
   3	MA0039.4	KLF4	NNCCCCACCCHN	3.6e-80	   4.4e-83	        -189.64	         0.0	    259.0	        489	       45017	      79796	  0.52965	1.8e-85	       244
   3	MA0595.1	SREBF1	VTCACCCCAY	3.6e-78	   4.4e-81	        -185.02	         0.0	    157.0	        491	       10420	      27820	  0.31976	1.8e-83	       245
   3	MA0750.2	ZBTB7A	NVCCGGAAGTGSV	7.4e-77	   8.9e-80	        -182.02	         0.0	    230.0	        488	       36205	      71389	  0.47131	3.7e-82	       243
   3	MA1137.1	FOSL1::JUNB	NDRTGACTCATNN	1.1e-75	   1.4e-78	        -179.29	         0.0	    170.0	        488	       28402	      74385	  0.34836	5.6e-81	       243
   3	MA0493.1	Klf1	RRCCACACCCW	8.0e-73	   9.7e-76	        -172.72	         0.0	    258.0	        490	       31579	      55800	  0.52653	4.0e-78	       244
   3	MA1511.1	KLF10	GMCACACCCMC	4.2e-71	   5.1e-74	        -168.76	         0.0	    172.0	        490	       22680	      58494	  0.35102	2.1e-76	       244
   3	MA1565.1	TBX18	DRAGGTGTGAAR	1.7e-70	   2.0e-73	        -167.37	         0.0	    145.0	        489	       25292	      77342	  0.29652	8.4e-76	       244
   3	MA0622.1	Mlxip	BCACGTGK	2.9e-70	   3.5e-73	        -166.83	         0.0	    201.0	        493	        3869	       7548	  0.40771	1.4e-75	       246
   3	MA0872.1	TFAP2A(var.3)	TGCCCYSRGGGCA	3.0e-69	   3.7e-72	        -164.48	         0.0	    178.0	        488	       11107	      26497	  0.36475	1.5e-74	       243
   2	25-CGGGGAC	STREME-25	CGGGGAC	2.1e-68	   2.6e-71	        -162.53	         0.0	    152.0	        494	       17685	      51256	  0.30769	1.1e-73	       246
   3	MA0688.1	TBX2	DAGGTGTGAAA	6.9e-68	   8.3e-71	        -161.37	         0.0	    112.0	        490	       19527	      76148	  0.22857	3.4e-73	       244
   3	MA0004.1	Arnt	CACGTG	9.2e-67	   1.1e-69	        -158.77	         0.0	    197.0	        495	       11002	      24193	  0.39798	4.5e-72	       247
   2	19-CAACAATGGTCAGC	STREME-19	CAACAATGGTCAGC	1.4e-66	   1.7e-69	        -158.32	         0.0	    129.0	        487	         796	       1702	  0.26489	7.2e-72	       243
   3	MA0817.1	BHLHE23	AAACATATGBTN	2.4e-65	   2.9e-68	        -155.52	         0.0	     91.0	        489	        3372	      13624	  0.18609	1.2e-70	       244
   3	MA0009.2	TBXT	TCACACMTAKGTGTGA	1.7e-64	   2.1e-67	        -153.54	         0.0	    111.0	        485	        2786	       8994	  0.22887	8.6e-70	       242
   3	MA0663.1	MLX	RTCACGTGAT	6.4e-63	   7.7e-66	        -149.93	         0.0	    157.0	        491	        4844	      12281	  0.31976	3.2e-68	       245
   2	2-GCCCCGCCCC	STREME-2	GCCCCGCCCC	1.1e-62	   1.3e-65	        -149.41	         0.0	    259.0	        491	       30335	      53700	  0.52749	5.3e-68	       245
   2	62-GAGGTCAGA	STREME-62	GAGGTCAGA	4.4e-62	   5.4e-65	        -147.99	         0.0	    166.0	        492	       27674	      75319	  0.33740	2.2e-67	       245
   3	MA0839.1	CREB3L1	VTGCCACGTCAYCA	1.4e-61	   1.8e-64	        -146.80	         0.0	    139.0	        487	        4646	      13088	  0.28542	7.2e-67	       243
   3	MA0596.1	SREBF2	RTGGGGTGAY	3.4e-61	   4.1e-64	        -145.96	         0.0	    145.0	        491	       10746	      31602	  0.29532	1.7e-66	       245
   3	MA0821.1	HES5	YGGCACGTGCCR	5.8e-61	   7.0e-64	        -145.42	         0.0	    133.0	        489	        1148	       2695	  0.27198	2.9e-66	       244
   3	MA0808.1	TEAD3	RCATTCCW	4.7e-60	   5.7e-63	        -143.32	         0.0	    183.0	        493	       22114	      54374	  0.37120	2.3e-65	       246
   3	MA0258.2	ESR2	AGGTCASVNTGMCCY	3.0e-58	   3.6e-61	        -139.18	         0.0	    158.0	        486	       23930	      67284	  0.32510	1.5e-63	       242
   3	MA1142.1	FOSL1::JUND	NRTGACTCAT	9.5e-58	   1.1e-60	        -138.02	         0.0	    169.0	        491	       30282	      81354	  0.34420	4.7e-63	       245
   2	16-AGATGGCGS	STREME-16	AGATGGCGS	2.1e-56	   2.5e-59	        -134.92	         0.0	    186.0	        492	        5447	      12054	  0.37805	1.0e-61	       245
   3	MA1512.1	KLF11	SCCACGCCCMC	1.3e-55	   1.6e-58	        -133.08	         0.0	    166.0	        490	       21417	      57668	  0.33878	6.6e-61	       244
   2	71-CTCCACCCC	STREME-71	CTCCACCCC	3.9e-55	   4.8e-58	        -131.99	         0.0	    214.0	        492	       34759	      74802	  0.43496	1.9e-60	       245
   3	MA1564.1	SP9	RCCACGCCCMCY	3.1e-54	   3.7e-57	        -129.94	         0.0	    161.0	        489	       24038	      66971	  0.32924	1.5e-59	       244
   3	MA1133.1	JUN::JUNB(var.2)	KRTGACGTCATN	3.2e-54	   3.9e-57	        -129.89	         0.0	    145.0	        489	       18746	      57182	  0.29652	1.6e-59	       244
   3	MA0835.2	BATF3	DATGACTCATH	1.8e-51	   2.1e-54	        -123.58	         0.0	    126.0	        490	       18408	      64663	  0.25714	8.7e-57	       244
   3	MA0685.1	SP4	BWRGCCACGCCCMCTYH	3.2e-51	   3.9e-54	        -122.97	         0.0	    216.0	        484	        7158	      13953	  0.44628	1.6e-56	       241
   3	MA0740.1	KLF14	KRCCACGCCCMCYT	2.6e-50	   3.2e-53	        -120.89	         0.0	    191.0	        487	       13642	      31311	  0.39220	1.3e-55	       243
   2	31-TGCGCRYGCGCA	STREME-31	TGCGCRYGCGCA	3.6e-50	   4.4e-53	        -120.57	         0.0	    225.0	        489	        4352	       7943	  0.46012	1.8e-55	       244
   2	42-GGCAGGCAGACACCA	STREME-42	GGCAGGCAGACACCA	4.9e-50	   6.0e-53	        -120.25	         0.0	    152.0	        486	        1157	       2501	  0.31276	2.5e-55	       242
   3	MA0024.3	E2F1	TTTGGCGCCAAA	2.1e-48	   2.6e-51	        -116.49	         0.0	    203.0	        489	        6477	      13468	  0.41513	1.1e-53	       244
   3	MA0656.1	JDP2(var.2)	GATGACGTCAYC	2.9e-48	   3.5e-51	        -116.18	         0.0	    151.0	        489	        2044	       4957	  0.30879	1.4e-53	       244
   3	MA0503.1	Nkx2-5(var.2)	ARSCACTCAAS	1.9e-46	   2.3e-49	        -111.98	         0.0	    158.0	        490	       20724	      58919	  0.32245	9.6e-52	       244
   3	MA0813.1	TFAP2B(var.3)	TGCCCYBRGGGCA	3.0e-46	   3.7e-49	        -111.52	         0.0	    228.0	        488	       11548	      22310	  0.46721	1.5e-51	       243
   3	MA1153.1	Smad4	TGTCTRGM	3.4e-46	   4.1e-49	        -111.42	         0.0	    189.0	        493	       14800	      35010	  0.38337	1.7e-51	       246
   3	MA0599.1	KLF5	GCCCCDCCCH	6.7e-45	   8.2e-48	        -108.43	         0.0	    259.0	        491	       33481	      60031	  0.52749	3.3e-50	       245
   3	MA0747.1	SP8	RCCACGCCCMCY	6.4e-41	   7.7e-44	         -99.27	         0.0	    161.0	        489	       25549	      72110	  0.32924	3.1e-46	       244
   3	MA0488.1	JUN	DDRATGATGTCAT	7.8e-41	   9.4e-44	         -99.08	         0.0	    232.0	        488	       11305	      21583	  0.47541	3.9e-46	       243
   3	MA1136.1	FOSB::JUNB(var.2)	RTGACGTCAT	1.1e-40	   1.3e-43	         -98.74	         0.0	    161.0	        491	       15602	      43317	  0.32790	5.3e-46	       245
   3	MA1651.1	ZFP42	NNNHCAARATGGCTGCCNBNN	3.8e-40	   4.6e-43	         -97.49	         0.0	    160.0	        480	       16428	      45019	  0.33333	1.9e-45	       239
   3	MA1513.1	KLF15	SCCCCGCCCCS	1.1e-39	   1.3e-42	         -96.45	         0.0	    284.0	        490	       13376	      21343	  0.57959	5.3e-45	       244
   3	MA0815.1	TFAP2C(var.3)	TGCCCYSRGGGCA	1.4e-39	   1.7e-42	         -96.19	         0.0	    176.0	        488	        8581	      21062	  0.36066	6.9e-45	       243
   3	MA0471.2	E2F6	VVDGGCGGGAAVV	7.9e-39	   9.6e-42	         -94.45	         0.0	    206.0	        488	       33877	      75768	  0.42213	3.9e-44	       243
   3	MA1140.2	JUNB(var.2)	GATGACGTCAYC	1.5e-38	   1.8e-41	         -93.81	         0.0	    161.0	        489	        2360	       5652	  0.32924	7.4e-44	       244
   3	MA0472.2	EGR2	MCGCCCACGCA	5.3e-38	   6.4e-41	         -92.55	         0.0	    198.0	        490	       11963	      26856	  0.40408	2.6e-43	       244
   3	MA0019.1	Ddit3::Cebpa	VNRTGCAATMCC	1.5e-37	   1.8e-40	         -91.50	         0.0	    101.0	        489	       13587	      59175	  0.20654	7.5e-43	       244
   3	MA0657.1	KLF13	RTGMCACGCCCCTTTTTG	2.3e-37	   2.8e-40	         -91.09	         0.0	    209.0	        483	        3282	       6334	  0.43271	1.1e-42	       241
   2	68-GGAAAACTGCCC	STREME-68	GGAAAACTGCCC	2.6e-37	   3.1e-40	         -90.97	         0.0	    247.0	        489	       18502	      34137	  0.50511	1.3e-42	       244
   3	MA0861.1	TP73	DRCATGTCNNRACAYGYM	2.9e-37	   3.5e-40	         -90.84	         0.0	    125.0	        483	        4101	      13148	  0.25880	1.5e-42	       241
   3	MA1122.1	TFDP1	VSGCGGGAAVN	1.2e-36	   1.5e-39	         -89.39	         0.0	    222.0	        490	       26923	      55906	  0.45306	6.2e-42	       244
   2	28-GTTGGCTCAA	STREME-28	GTTGGCTCAA	1.9e-35	   2.3e-38	         -86.66	         0.0	    139.0	        491	        9225	      28936	  0.28310	9.5e-41	       245
   3	MA0863.1	MTF1	TTTGCACACGGCAC	1.9e-35	   2.3e-38	         -86.65	         0.0	    109.0	        487	        2232	       7725	  0.22382	9.6e-41	       243
   3	MA0111.1	Spz1	AGGGTWWCAGC	3.3e-35	   3.9e-38	         -86.13	         0.0	     72.0	        490	       11881	      72125	  0.14694	1.6e-40	       244
   3	MA0528.2	ZNF263	VNGGGGAGGASG	1.8e-34	   2.2e-37	         -84.43	         0.0	    187.0	        489	       31510	      77721	  0.38241	8.8e-40	       244
   3	MA0638.1	CREB3	VTGCCACGTCAYCR	3.9e-34	   4.7e-37	         -83.64	         0.0	    223.0	        487	        6629	      12857	  0.45791	1.9e-39	       243
   2	8-WAACCACA	STREME-8	WAACCACA	2.0e-33	   2.4e-36	         -82.00	         0.0	    165.0	        493	       16533	      45474	  0.33469	1.0e-38	       246
   3	MA0605.2	ATF3	RRTGACGTCAYY	1.4e-32	   1.7e-35	         -80.04	         0.0	    149.0	        489	        1332	       3238	  0.30470	7.1e-38	       244
   3	MA1627.1	Wt1	YBCCTCCCCCACVB	4.5e-32	   5.4e-35	         -78.90	         0.0	    187.0	        487	       28180	      69136	  0.38398	2.2e-37	       243
   2	55-CTCCTCCTCC	STREME-55	CTCCTCCTCC	2.1e-31	   2.5e-34	         -77.36	         0.0	    115.0	        491	       13909	      54030	  0.23422	1.0e-36	       245
   3	MA0162.4	EGR1	VCMCGCCCACGCVS	3.9e-31	   4.7e-34	         -76.74	         0.0	    159.0	        487	       21817	      62295	  0.32649	1.9e-36	       243
   3	MA0741.1	KLF16	GMCACGCCCCC	5.6e-31	   6.8e-34	         -76.37	         0.0	    218.0	        490	       29547	      62897	  0.44490	2.8e-36	       244
   3	MA1106.1	HIF1A	SBACGTGCNN	9.4e-31	   1.1e-33	         -75.86	         0.0	    225.0	        491	       14283	      28858	  0.45825	4.6e-36	       245
   2	38-ACTCCAGTTCCAGG	STREME-38	ACTCCAGTTCCAGG	2.3e-30	   2.8e-33	         -74.94	         0.0	    141.0	        487	       10422	      32457	  0.28953	1.2e-35	       243
   3	MA1131.1	FOSL2::JUN(var.2)	GRTGACGTMAT	3.8e-30	   4.6e-33	         -74.47	         0.0	    150.0	        490	       12436	      37008	  0.30612	1.9e-35	       244
   3	MA1466.1	ATF6	TGRTGACGTGGCAN	6.7e-30	   8.1e-33	         -73.90	         0.0	    127.0	        487	        1136	       3149	  0.26078	3.3e-35	       243
   3	MA1535.1	NR2C1	NRRGGTCAN	3.4e-29	   4.1e-32	         -72.26	         0.0	    246.0	        492	       38344	      73385	  0.50000	1.7e-34	       245
   3	MA0160.1	NR4A2	AAGGTCAC	5.0e-29	   6.0e-32	         -71.89	         0.0	    167.0	        493	       29659	      82646	  0.33874	2.4e-34	       246
   3	MA0804.1	TBX19	DTTMRCACMTAGGTGTGAAW	1.3e-28	   1.5e-31	         -70.96	         0.0	    103.0	        481	        3815	      14924	  0.21414	6.4e-34	       240
   3	MA0834.1	ATF7	NDATGACGTCATMV	4.8e-27	   5.8e-30	         -67.32	         0.0	    189.0	        487	        2402	       5119	  0.38809	2.4e-32	       243
   3	MA0090.3	TEAD1	NNACATTCCAGSN	6.4e-27	   7.8e-30	         -67.02	         0.0	    174.0	        488	       25259	      66741	  0.35656	3.2e-32	       243
   3	MA0106.3	TP53	RACATGYCCGGRCATGTY	1.5e-26	   1.8e-29	         -66.19	         0.0	    121.0	        483	        2266	       7276	  0.25052	7.4e-32	       241
   2	15-GGGAAGGGA	STREME-15	GGGAAGGGA	2.5e-26	   3.0e-29	         -65.68	         0.0	    230.0	        492	       33437	      68274	  0.46748	1.2e-31	       245
   3	MA0510.2	RFX5	SGTTGCCATGGYAACV	3.1e-26	   3.7e-29	         -65.46	         0.0	    175.0	        485	        3030	       7078	  0.36082	1.5e-31	       242
   3	MA1531.1	NR1D1	RGGTYAGTRGGTCAN	3.7e-26	   4.5e-29	         -65.27	         0.0	    188.0	        486	        4779	      10822	  0.38683	1.9e-31	       242
   3	MA0615.1	Gmeb1	BHBBKKACGTMMNWNNN	5.6e-26	   6.8e-29	         -64.85	         0.0	    182.0	        484	       14007	      34468	  0.37603	2.8e-31	       241
   2	40-CCCGAGGC	STREME-40	CCCGAGGC	5.8e-26	   7.0e-29	         -64.83	         0.0	    227.0	        493	       33097	      68594	  0.46045	2.8e-31	       246
   3	MA0767.1	GCM2	BATGCGGGTR	9.1e-26	   1.1e-28	         -64.38	         0.0	    155.0	        491	       23498	      69918	  0.31568	4.5e-31	       245
   3	MA1601.1	ZNF75D	NTGTGGGAAA	2.5e-25	   3.0e-28	         -63.37	         0.0	    161.0	        491	       19439	      55401	  0.32790	1.2e-30	       245
   3	MA0844.1	XBP1	WDKGMCACGTCATC	1.2e-24	   1.5e-27	         -61.79	         0.0	    139.0	        487	        4242	      12807	  0.28542	6.0e-30	       243
   3	MA1569.1	TFAP2E	YGCCYSRGGCD	1.4e-24	   1.7e-27	         -61.64	         0.0	    280.0	        490	       15056	      24813	  0.57143	6.9e-30	       244
   2	67-AATTCAACAACAGG	STREME-67	AATTCAACAACAGG	1.8e-24	   2.1e-27	         -61.42	         0.0	    145.0	        487	        1185	       3005	  0.29774	8.7e-30	       243
   3	MA0840.1	Creb5	NATGACGTCAYH	3.8e-24	   4.6e-27	         -60.63	         0.0	    141.0	        489	        2295	       6508	  0.28834	1.9e-29	       244
   3	MA0765.2	ETV5	NSACTTCCGSN	4.7e-24	   5.7e-27	         -60.44	         0.0	    236.0	        490	       40991	      81786	  0.48163	2.3e-29	       244
   2	70-GCAGGATCCTCA	STREME-70	GCAGGATCCTCA	1.2e-23	   1.4e-26	         -59.53	         0.0	    217.0	        489	       16771	      35446	  0.44376	5.7e-29	       244
   3	MA0604.1	Atf1	RTGACGTA	3.6e-23	   4.4e-26	         -58.40	         0.0	    191.0	        493	       11033	      26225	  0.38742	1.8e-28	       246
   3	MA0060.3	NFYA	RRCCAATCAGM	3.8e-23	   4.6e-26	         -58.33	         0.0	    238.0	        490	       28789	      56577	  0.48571	1.9e-28	       244
   2	29-CAGTCCCACAAGGC	STREME-29	CAGTCCCACAAGGC	1.0e-22	   1.2e-25	         -57.38	         0.0	    117.0	        487	         565	       1549	  0.24025	5.0e-28	       243
   3	MA1557.1	SMAD5	YGTCTAGACA	2.4e-22	   2.9e-25	         -56.51	         0.0	    187.0	        491	       11004	      26627	  0.38086	1.2e-27	       245
   3	MA1121.1	TEAD2	NYACATTCCWNNS	5.8e-22	   7.1e-25	         -55.61	         0.0	    176.0	        488	       28142	      74116	  0.36066	2.9e-27	       243
   3	MA0154.4	EBF1	NNTCCCCAGGGGANN	7.8e-22	   9.4e-25	         -55.32	         0.0	    236.0	        486	       32649	      64432	  0.48560	3.9e-27	       242
   3	MA0864.2	E2F2	RWTTTGGCGCCAWWWY	1.6e-21	   2.0e-24	         -54.57	         0.0	    165.0	        485	        4999	      12986	  0.34021	8.2e-27	       242
   3	MA0131.2	HINFP	CARCGTCCGCKN	4.3e-21	   5.2e-24	         -53.61	         0.0	    205.0	        489	       13894	      30947	  0.41922	2.1e-26	       244
   3	MA0695.1	ZBTB7C	RCGACCACCGAN	8.7e-21	   1.1e-23	         -52.91	         0.0	    143.0	        489	       23691	      76471	  0.29243	4.3e-26	       244
   3	MA1637.1	EBF3	NYCCCAAGGGANN	1.1e-20	   1.3e-23	         -52.71	         0.0	    226.0	        488	       32175	      66561	  0.46311	5.3e-26	       243
   3	MA0470.2	E2F4	TTTTGGCGCCAWWW	7.5e-20	   9.1e-23	         -50.75	         0.0	    201.0	        487	        3870	       8253	  0.41273	3.7e-25	       243
   3	MA1145.1	FOSL2::JUND(var.2)	NNRTGACGTCAYHSN	1.1e-19	   1.3e-22	         -50.39	         0.0	    164.0	        486	       13058	      35954	  0.33745	5.4e-25	       242
   3	MA1546.1	PAX3(var.2)	YSGTCACGSYWATTAN	3.9e-19	   4.7e-22	         -49.11	         0.0	     87.0	        485	        5322	      26106	  0.17938	1.9e-24	       242
   3	MA0155.1	INSM1	TGYCWGGGGGCR	4.2e-19	   5.1e-22	         -49.04	         0.0	    331.0	        489	       26127	      37257	  0.67689	2.1e-24	       244
   3	MA1143.1	FOSL1::JUND(var.2)	RTGACGTMAY	5.8e-19	   7.0e-22	         -48.72	         0.0	    181.0	        491	       29609	      76649	  0.36864	2.8e-24	       245
   3	MA0527.1	ZBTB33	BTCTCGCGAGABYTS	2.2e-18	   2.6e-21	         -47.38	         0.0	    240.0	        486	        8599	      16130	  0.49383	1.1e-23	       242
   3	MA1596.1	ZNF460	GCCTCMGCCTCCCRAG	5.1e-18	   6.1e-21	         -46.54	         0.0	    141.0	        485	       10288	      32578	  0.29072	2.5e-23	       242
   3	MA0600.2	RFX2	SGTTGCCATGGYAACS	1.9e-17	   2.3e-20	         -45.23	         0.0	    173.0	        485	        2009	       4720	  0.35670	9.4e-23	       242
   3	MA0800.1	EOMES	RAGGTGTGAAAWN	3.3e-17	   4.0e-20	         -44.66	         0.0	     50.0	        488	        6837	      59607	  0.10246	1.7e-22	       243
   3	MA1523.1	MSANTD3	STVCACTCAC	1.6e-15	   1.9e-18	         -40.82	         0.0	    189.0	        491	       33822	      84443	  0.38493	7.7e-21	       245
   3	MA1540.1	NR5A1	NYCAAGGTCAN	2.7e-15	   3.2e-18	         -40.28	         0.0	    308.0	        490	       50792	      78818	  0.62857	1.3e-20	       244
   3	MA0492.1	JUND(var.2)	DDDRATGABGTCATN	1.2e-14	   1.5e-17	         -38.74	         0.0	    166.0	        486	        6890	      18449	  0.34156	6.2e-20	       242
   3	MA1491.1	GLI3	VGACCACCCACGDHG	1.7e-14	   2.0e-17	         -38.45	         0.0	     96.0	        486	        6646	      30428	  0.19753	8.3e-20	       242
   3	MA1604.1	Ebf2	NYCCCAAGGGANN	1.6e-13	   1.9e-16	         -36.21	         0.0	    234.0	        488	       33085	      66633	  0.47951	7.7e-19	       243
   3	MA1548.1	PLAGL2	NGGGCCCCCN	2.0e-13	   2.4e-16	         -35.98	         0.0	    295.0	        491	       25930	      41704	  0.60081	9.7e-19	       245
   3	MA1630.1	Znf281	GGTGGGGGAGG	2.7e-13	   3.3e-16	         -35.66	         0.0	    326.0	        490	       34256	      50110	  0.66531	1.3e-18	       244
   3	MA1644.1	NFYC	RDCCAATCASN	3.2e-13	   3.9e-16	         -35.48	         0.0	    220.0	        490	       33072	      71086	  0.44898	1.6e-18	       244
   3	MA0809.2	TEAD4	NNACATTCCARN	5.5e-13	   6.6e-16	         -34.95	         0.0	    171.0	        489	       27355	      74985	  0.34969	2.7e-18	       244
   3	MA1129.1	FOSL1::JUN(var.2)	ATGACGTCAT	1.2e-12	   1.4e-15	         -34.20	         0.0	    159.0	        491	       15021	      43784	  0.32383	5.7e-18	       245
   2	59-GACAGGAGCCTAGC	STREME-59	GACAGGAGCCTAGC	1.6e-12	   1.9e-15	         -33.89	         0.0	    123.0	        487	         902	       2777	  0.25257	7.9e-18	       243
   3	MA1632.1	ATF2	NNATGABGTCATN	3.3e-12	   4.0e-15	         -33.15	         0.0	    180.0	        488	       15916	      40910	  0.36885	1.6e-17	       243
   3	MA0028.2	ELK1	ACCGGAAGTR	3.4e-12	   4.1e-15	         -33.14	         0.0	    263.0	        491	       12065	      21377	  0.53564	1.7e-17	       245
   3	MA1649.1	ZBTB12	NYCTRGAACHN	6.6e-12	   8.0e-15	         -32.46	         0.0	    114.0	        490	       19796	      80748	  0.23265	3.3e-17	       244
   3	MA0760.1	ERF	ACCGGAAGTR	2.0e-11	   2.4e-14	         -31.36	         0.0	    273.0	        491	       27073	      47098	  0.55601	9.8e-17	       245
   2	77-AAAGAGTCAGATG	STREME-77	AAAGAGTCAGATG	6.4e-11	   7.8e-14	         -30.19	         0.0	    140.0	        488	        1109	       3136	  0.28689	3.2e-16	       243
   3	MA1139.1	FOSL2::JUNB(var.2)	DATGACGTCATH	1.9e-10	   2.3e-13	         -29.10	         0.0	    161.0	        489	        7987	      22543	  0.32924	9.4e-16	       244
   3	MA1522.1	MAZ	BBCCCCTCCCY	3.3e-9	   4.0e-12	         -26.26	         0.0	    364.0	        490	       34789	      45881	  0.74286	1.6e-14	       244
   2	18-AAGTCCAAGGATCT	STREME-18	AAGTCCAAGGATCT	7.8e-9	   9.4e-12	         -25.39	         0.0	     39.0	        487	         283	       2239	  0.08008	3.9e-14	       243
   3	MA0734.2	GLI2	VGACCACCCACGWYG	1.1e-8	   1.3e-11	         -25.06	         0.0	    110.0	        486	        4506	      18039	  0.22634	5.4e-14	       242
   3	MA1484.1	ETS2	DACCGGAAGY	1.6e-8	   2.0e-11	         -24.64	         0.0	    257.0	        491	       19774	      36434	  0.52342	8.1e-14	       245
   3	MA1653.1	ZNF148	YBCCCCTCCCCC	1.7e-8	   2.1e-11	         -24.58	         0.0	    371.0	        489	       49158	      63749	  0.75869	8.6e-14	       244
   3	MA0779.1	PAX1	CGTCACGCWTGAVTGMM	7.5e-8	   9.1e-11	         -23.12	         0.0	    156.0	        484	        1377	       3634	  0.32231	3.8e-13	       241
   3	MA1538.1	NR2F1(var.3)	RAGGTCANTGACCTY	2.8e-7	   3.4e-10	         -21.81	         0.0	    270.0	        486	        7404	      12625	  0.55556	1.4e-12	       242
   3	MA0076.2	ELK4	BCRCTTCCGGB	3.7e-7	   4.5e-10	         -21.52	         0.0	    280.0	        490	       28840	      49138	  0.57143	1.8e-12	       244
   3	MA1589.1	ZNF140	TAGGAGYGGAATTGCTGGGTC	4.4e-7	   5.3e-10	         -21.36	         0.0	    248.0	        480	        4418	       7953	  0.51667	2.2e-12	       239
   3	MA0495.3	MAFF	DWGTCAGCATTTTWHN	9.1e-7	   1.1e-9	         -20.63	         0.0	    117.0	        485	       16433	      65019	  0.24124	4.5e-12	       242
   3	MA1600.1	ZNF684	RYACAGTCCACCCCTTKR	1.1e-6	   1.3e-9	         -20.44	         0.0	    281.0	        483	       11085	      18277	  0.58178	5.5e-12	       241
   2	12-YYCCTCCC	STREME-12	YYCCTCCC	1.5e-6	   1.8e-9	         -20.16	         0.0	    285.0	        493	       30343	      51184	  0.57809	7.2e-12	       246
   3	MA1532.1	NR1D2	RGGTYAGTRGGTCAN	2.0e-6	   2.4e-9	         -19.86	         0.0	    186.0	        486	       21592	      54425	  0.38272	9.8e-12	       242
   3	MA1127.1	FOSB::JUN	GATGACGTCAT	1.4e-5	   1.7e-8	         -17.88	         0.0	    164.0	        490	       13362	      38147	  0.33469	7.0e-11	       244
   3	MA0690.1	TBX21	AAGGTGTGAA	1.5e-5	   1.9e-8	         -17.79	         0.0	    109.0	        491	       11530	      49257	  0.22200	7.6e-11	       245
   2	65-CCAACCAATGGACA	STREME-65	CCAACCAATGGACA	2.2e-5	   2.7e-8	         -17.42	         0.0	    139.0	        487	         932	       2730	  0.28542	1.1e-10	       243
   2	13-GTGGAGCCTCTCAGA	STREME-13	GTGGAGCCTCTCAGA	2.6e-4	   3.1e-7	         -14.98	         0.0	     54.0	        486	         758	       5529	  0.11111	1.3e-9	       242
   2	48-CCCCACCC	STREME-48	CCCCACCC	4.3e-4	   5.3e-7	         -14.46	         0.0	    325.0	        493	       32902	      48977	  0.65923	2.1e-9	       246
   3	MA0480.1	Foxo1	TSYTGTTTACH	5.8e-4	   7.0e-7	         -14.18	         0.0	     22.0	        490	        2611	      51917	  0.04490	2.9e-9	       244
   3	MA0007.3	Ar	RGGWACAYNGTGTWCYY	8.3e-4	   1.0e-6	         -13.81	         0.0	    160.0	        484	        2531	       6964	  0.33058	4.2e-9	       241
   2	49-ACCGGAAG	STREME-49	ACCGGAAG	1.5e-3	   1.9e-6	         -13.20	         0.0	    263.0	        493	       11843	      21425	  0.53347	7.5e-9	       246
   3	MA0799.1	RFX4	NGTWRCCATGGYWACS	1.7e-3	   2.1e-6	         -13.07	         0.0	     49.0	        485	        2782	      24840	  0.10103	8.7e-9	       242
   3	MA0065.2	Pparg::Rxra	STRGGGCARAGGKCA	4.8e-3	   5.7e-6	         -12.07	         0.0	    312.0	        486	       54526	      83756	  0.64198	2.4e-8	       242
   3	MA0473.3	ELF1	RDVCAGGAAGTGVN	9.3e-3	   1.1e-5	         -11.40	         0.0	    277.0	        487	       45335	      78402	  0.56879	4.6e-8	       243
   2	34-ACCCACAGCCAAAC	STREME-34	ACCCACAGCCAAAC	1.2e-2	   1.4e-5	         -11.15	         0.0	    161.0	        487	        3486	       9792	  0.33060	5.9e-8	       243
   3	MA0641.1	ELF4	AACCCGGAAGTR	1.5e-2	   1.9e-5	         -10.89	         0.0	    275.0	        489	       12189	      21004	  0.56237	7.7e-8	       244
   2	72-CCATCTCTCCAGCCC	STREME-72	CCATCTCTCCAGCCC	2.6e-2	   3.2e-5	         -10.36	         0.0	    280.0	        486	       12238	      20608	  0.57613	1.3e-7	       242
   3	MA1645.1	NKX2-2	NNNCCACTCAANNN	2.8e-2	   3.4e-5	         -10.28	         0.0	    191.0	        487	       32783	      81758	  0.39220	1.4e-7	       243
   2	23-TACCCA	STREME-23	TACCCA	3.1e-2	   3.7e-5	         -10.20	         0.0	    287.0	        495	       50837	      86400	  0.57980	1.5e-7	       247
   3	MA1556.1	RXRG(var.2)	RRGGTCAYGACCYY	1.2e-1	   1.4e-4	          -8.85	         0.0	    265.0	        487	        7888	      13971	  0.54415	5.9e-7	       243
   3	MA0795.1	SMAD3	YGTCTAGACA	1.5e-1	   1.9e-4	          -8.59	         0.0	    167.0	        491	        4738	      13157	  0.34012	7.6e-7	       245
   3	MA1602.1	ZSCAN29	YGTCTACRCNGN	3.4e-1	   4.1e-4	          -7.80	         0.0	     13.0	        489	         643	      20051	  0.02658	1.7e-6	       244
   3	MA1116.1	RBPJ	BVTGGGAANN	4.4e-1	   5.4e-4	          -7.53	         0.0	    199.0	        491	       28714	      69379	  0.40530	2.2e-6	       245
   2	30-RTGACGTCAY	STREME-30	RTGACGTCAY	6.4e-1	   7.8e-4	          -7.16	         0.0	    189.0	        491	       13531	      34095	  0.38493	3.2e-6	       245
   3	MA0763.1	ETV3	ACCGGAAGTR	9.3e-1	   1.1e-3	          -6.79	         0.0	    273.0	        491	       34993	      61949	  0.55601	4.6e-6	       245
   3	MA0088.2	ZNF143	TWCCCAYAATGCAYYG	1.1e0	   1.3e-3	          -6.61	         0.0	    171.0	        485	        1644	       4270	  0.35258	5.6e-6	       242
   3	MA1552.1	RARB(var.3)	RAGGTCATGACCTY	1.2e0	   1.4e-3	          -6.54	         0.0	    225.0	        487	       10405	      21821	  0.46201	5.9e-6	       243
   3	MA1575.1	THRB(var.2)	DTGACCTBRNYVAGGTCAH	1.2e0	   1.5e-3	          -6.51	         0.0	    360.0	        482	        8019	      10478	  0.74689	6.2e-6	       240
   3	MA0017.2	NR2F1	CARAGGTCAMVNG	1.3e0	   1.5e-3	          -6.49	         0.0	    302.0	        488	       22392	      35537	  0.61885	6.2e-6	       243
   3	MA0732.1	EGR3	HHMCGCCCACGCAHH	1.6e0	   2.0e-3	          -6.24	         0.0	    454.0	        486	       14872	      15779	  0.93416	8.1e-6	       242
   3	MA0749.1	ZBED1	CTRTCGCGACATR	2.0e0	   2.4e-3	          -6.02	         0.0	     78.0	        488	         188	        871	  0.15984	1.0e-5	       243
   3	MA1654.1	ZNF16	AVTRGGGAGCCATGGAAGGTTYT	3.6e0	   4.3e-3	          -5.44	         0.0	    334.0	        478	        5988	       8323	  0.69874	1.8e-5	       238
   3	MA0759.1	ELK3	ACCGGAAGTD	3.8e0	   4.6e-3	          -5.38	         0.0	    269.0	        491	       28762	      51647	  0.54786	1.9e-5	       245
   3	MA0525.2	TP63	RACATGTYGKGACATGTC	5.9e0	   7.1e-3	          -4.95	         0.0	    187.0	        483	         345	        749	  0.38716	3.0e-5	       241
   3	MA0781.1	PAX9	CGTCACGCWTGASTGMM	6.0e0	   7.3e-3	          -4.92	         0.0	    164.0	        484	         398	        993	  0.33884	3.0e-5	       241
   3	MA0672.1	NKX2-3	VCCACTTRAV	9.7e0	   1.2e-2	          -4.45	         0.0	    165.0	        491	       24183	      70505	  0.33605	4.8e-5	       245

# CentriMo (Local Motif Enrichment Analysis): Version 5.5.7 compiled on Nov  8 2024 at 04:22:34
# The format of this file is described at https://meme-suite.org/meme/doc/centrimo-output-format.html.
# centrimo -seqlen 500 -verbosity 1 -oc SRR396786_meme/centrimo_out -bfile SRR396786_meme/background SRR396786_meme/RobustPeaks396786.resized.bed.fa SRR396786_meme/meme_out/meme.xml SRR396786_meme/streme_out/streme.xml /home/leyao/Downloads/mousegenome/jaspar.meme
