MOTIF_INDEX	MOTIF_SOURCE	MOTIF_ID	ALT_ID	CONSENSUS	WIDTH	SITES	E-VALUE	E-VALUE_SOURCE	MOST_SIMILAR_MOTIF_SOURCE	MOST_SIMILAR_MOTIF	URL
1	STREME	1-RACAGCTGB	STREME-1	RACAGCTGB	9	56298	1.5e-21351	STREME	/home/leyao/Downloads/mousegenome/jaspar.meme	MA0521.1 (Tcf12)	http://jaspar.genereg.net/matrix/MA0521.1
2	/home/leyao/Downloads/mousegenome/jaspar.meme	MA0521.1	Tcf12	RACAGCTGSNV	11	71415	6.6e-20800	CENTRIMO	 	 	http://jaspar.genereg.net/matrix/MA0521.1
3	MEME	RRCAGSTGB	MEME-1	RRCAGSTGB	9	73731	9.3e-20737	MEME	/home/leyao/Downloads/mousegenome/jaspar.meme	MA0521.1 (Tcf12)	http://jaspar.genereg.net/matrix/MA0521.1
4	/home/leyao/Downloads/mousegenome/jaspar.meme	MA1100.2	ASCL1	VGCAGCTGCN	10	86587	1.3e-18671	CENTRIMO	 	 	http://jaspar.genereg.net/matrix/MA1100.2
5	/home/leyao/Downloads/mousegenome/jaspar.meme	MA1619.1	Ptf1a(var.2)	NNACAGCTGTNN	12	79953	5.4e-18365	CENTRIMO	 	 	http://jaspar.genereg.net/matrix/MA1619.1
6	/home/leyao/Downloads/mousegenome/jaspar.meme	MA0499.2	MYOD1	NNGCACCTGTCNB	13	85299	4.2e-17956	CENTRIMO	 	 	http://jaspar.genereg.net/matrix/MA0499.2
7	/home/leyao/Downloads/mousegenome/jaspar.meme	MA0816.1	Ascl2	ARCAGCTGCY	10	80718	2.4e-17927	CENTRIMO	 	 	http://jaspar.genereg.net/matrix/MA0816.1
8	/home/leyao/Downloads/mousegenome/jaspar.meme	MA1641.1	MYF5	NVACAGCTGTBN	12	79678	1.9e-17338	CENTRIMO	 	 	http://jaspar.genereg.net/matrix/MA1641.1
9	/home/leyao/Downloads/mousegenome/jaspar.meme	MA0500.2	MYOG	NDRCAGCTGYHN	12	76842	6.2e-16211	CENTRIMO	 	 	http://jaspar.genereg.net/matrix/MA0500.2
10	/home/leyao/Downloads/mousegenome/jaspar.meme	MA0048.2	NHLH1	CGCAGCTGCK	10	72845	3.4e-16208	CENTRIMO	 	 	http://jaspar.genereg.net/matrix/MA0048.2
11	/home/leyao/Downloads/mousegenome/jaspar.meme	MA1472.1	BHLHA15(var.2)	RVCAGCTGYB	10	86437	4.9e-15619	CENTRIMO	 	 	http://jaspar.genereg.net/matrix/MA1472.1
12	/home/leyao/Downloads/mousegenome/jaspar.meme	MA1635.1	BHLHE22(var.2)	NVCAGCTGBN	10	48999	1.6e-14538	CENTRIMO	 	 	http://jaspar.genereg.net/matrix/MA1635.1
13	/home/leyao/Downloads/mousegenome/jaspar.meme	MA0691.1	TFAP4	AWCAGCTGWT	10	57811	1.0e-14396	CENTRIMO	 	 	http://jaspar.genereg.net/matrix/MA0691.1
14	/home/leyao/Downloads/mousegenome/jaspar.meme	MA0665.1	MSC	AACAGCTGTT	10	66006	3.3e-13648	CENTRIMO	 	 	http://jaspar.genereg.net/matrix/MA0665.1
15	/home/leyao/Downloads/mousegenome/jaspar.meme	MA1620.1	Ptf1a(var.3)	NVACACCTGTNN	12	84780	6.4e-12899	CENTRIMO	 	 	http://jaspar.genereg.net/matrix/MA1620.1
16	/home/leyao/Downloads/mousegenome/jaspar.meme	MA1631.1	ASCL1(var.2)	NNGCACCTGCYNB	13	84692	1.1e-12494	CENTRIMO	 	 	http://jaspar.genereg.net/matrix/MA1631.1
17	/home/leyao/Downloads/mousegenome/jaspar.meme	MA1621.1	Rbpjl	NNVACACCTGTBNN	14	85197	2.7e-12374	CENTRIMO	 	 	http://jaspar.genereg.net/matrix/MA1621.1
18	/home/leyao/Downloads/mousegenome/jaspar.meme	MA0820.1	FIGLA	WMCACCTGKW	10	82871	4.3e-11970	CENTRIMO	 	 	http://jaspar.genereg.net/matrix/MA0820.1
19	/home/leyao/Downloads/mousegenome/jaspar.meme	MA0667.1	MYF6	AACARCTGTT	10	60765	3.8e-11531	CENTRIMO	 	 	http://jaspar.genereg.net/matrix/MA0667.1
20	/home/leyao/Downloads/mousegenome/jaspar.meme	MA0830.2	TCF4	NNGCACCTGCCNN	13	85559	2.4e-10739	CENTRIMO	 	 	http://jaspar.genereg.net/matrix/MA0830.2
21	/home/leyao/Downloads/mousegenome/jaspar.meme	MA1467.1	ATOH1(var.2)	AACAGCTGTC	10	57126	2.7e-10274	CENTRIMO	 	 	http://jaspar.genereg.net/matrix/MA1467.1
22	/home/leyao/Downloads/mousegenome/jaspar.meme	MA1648.1	TCF12(var.2)	NNCACCTGCNN	11	84661	2.0e-9980	CENTRIMO	 	 	http://jaspar.genereg.net/matrix/MA1648.1
23	/home/leyao/Downloads/mousegenome/jaspar.meme	MA1618.1	Ptf1a	NNACAGATGTTNN	13	82520	4.6e-9827	CENTRIMO	 	 	http://jaspar.genereg.net/matrix/MA1618.1
24	/home/leyao/Downloads/mousegenome/jaspar.meme	MA0832.1	Tcf21	RYAACAGCTGTTRN	14	32561	2.6e-9267	CENTRIMO	 	 	http://jaspar.genereg.net/matrix/MA0832.1
25	/home/leyao/Downloads/mousegenome/jaspar.meme	MA0745.2	SNAI2	NBGCACCTGTMNY	13	75066	1.8e-8686	CENTRIMO	 	 	http://jaspar.genereg.net/matrix/MA0745.2
26	/home/leyao/Downloads/mousegenome/jaspar.meme	MA0522.3	TCF3	NVCACCTGCNN	11	83351	9.8e-8497	CENTRIMO	 	 	http://jaspar.genereg.net/matrix/MA0522.3
27	STREME	39-CASCWGSTG	STREME-39	39-CASCWGSTG	9	602	3.4e-8281	STREME	/home/leyao/Downloads/mousegenome/jaspar.meme	MA0521.1 (Tcf12)	http://jaspar.genereg.net/matrix/MA0521.1
28	STREME	14-CAGCTGTGSY	STREME-14	14-CAGCTGTGSY	10	3237	1.3e-8133	STREME	/home/leyao/Downloads/mousegenome/jaspar.meme	MA1619.1 (Ptf1a(var.2))	http://jaspar.genereg.net/matrix/MA1619.1
29	/home/leyao/Downloads/mousegenome/jaspar.meme	MA0607.1	Bhlha15	SCATATGT	8	56893	1.8e-8031	CENTRIMO	 	 	http://jaspar.genereg.net/matrix/MA0607.1
30	/home/leyao/Downloads/mousegenome/jaspar.meme	MA1109.1	NEUROD1	NRACAGATGGYNN	13	82038	8.8e-7874	CENTRIMO	 	 	http://jaspar.genereg.net/matrix/MA1109.1
31	/home/leyao/Downloads/mousegenome/jaspar.meme	MA0091.1	TAL1::TCF3	NSAMCATCTGKT	12	55988	3.0e-6689	CENTRIMO	 	 	http://jaspar.genereg.net/matrix/MA0091.1
32	/home/leyao/Downloads/mousegenome/jaspar.meme	MA1529.1	NHLH2	GGGNCGCAGCTGCGYCCC	18	34644	2.5e-6686	CENTRIMO	 	 	http://jaspar.genereg.net/matrix/MA1529.1
33	/home/leyao/Downloads/mousegenome/jaspar.meme	MA0698.1	ZBTB18	NATCCAGATGTKB	13	55500	1.3e-6221	CENTRIMO	 	 	http://jaspar.genereg.net/matrix/MA0698.1
34	/home/leyao/Downloads/mousegenome/jaspar.meme	MA1468.1	ATOH7	AVCATATGBY	10	79672	2.0e-6110	CENTRIMO	 	 	http://jaspar.genereg.net/matrix/MA1468.1
35	/home/leyao/Downloads/mousegenome/jaspar.meme	MA1559.1	SNAI3	RRCAGGTGYA	10	61037	2.1e-5813	CENTRIMO	 	 	http://jaspar.genereg.net/matrix/MA1559.1
36	/home/leyao/Downloads/mousegenome/jaspar.meme	MA1570.1	TFAP4(var.2)	AHCATRTGDT	10	73013	9.8e-5594	CENTRIMO	 	 	http://jaspar.genereg.net/matrix/MA1570.1
37	/home/leyao/Downloads/mousegenome/jaspar.meme	MA1123.2	TWIST1	NNDCCAGATGTBN	13	82212	1.3e-5515	CENTRIMO	 	 	http://jaspar.genereg.net/matrix/MA1123.2
38	/home/leyao/Downloads/mousegenome/jaspar.meme	MA1485.1	FERD3L	GCRMCAGCTGTYAC	14	28942	1.9e-5429	CENTRIMO	 	 	http://jaspar.genereg.net/matrix/MA1485.1
39	/home/leyao/Downloads/mousegenome/jaspar.meme	MA1642.1	NEUROG2(var.2)	NNVACAGATGGNN	13	82741	1.3e-5251	CENTRIMO	 	 	http://jaspar.genereg.net/matrix/MA1642.1
40	/home/leyao/Downloads/mousegenome/jaspar.meme	MA1571.1	TGIF2LX	TGACAGCTGTCA	12	53292	6.1e-5220	CENTRIMO	 	 	http://jaspar.genereg.net/matrix/MA1571.1
41	/home/leyao/Downloads/mousegenome/jaspar.meme	MA1572.1	TGIF2LY	TGACAGCTGTCA	12	60479	4.4e-4864	CENTRIMO	 	 	http://jaspar.genereg.net/matrix/MA1572.1
42	STREME	4-CASWTGGY	STREME-4	CASWTGGY	8	24789	2.3e-4382	STREME	/home/leyao/Downloads/mousegenome/jaspar.meme	MA1108.2 (MXI1)	http://jaspar.genereg.net/matrix/MA1108.2
43	/home/leyao/Downloads/mousegenome/jaspar.meme	MA0797.1	TGIF2	TGACAGSTGTCA	12	29742	1.7e-3487	CENTRIMO	 	 	http://jaspar.genereg.net/matrix/MA0797.1
44	/home/leyao/Downloads/mousegenome/jaspar.meme	MA0103.3	ZEB1	SNCACCTGSVN	11	76040	8.5e-3294	CENTRIMO	 	 	http://jaspar.genereg.net/matrix/MA0103.3
45	/home/leyao/Downloads/mousegenome/jaspar.meme	MA0744.2	SCRT2	NNWGCAACAGGTGDNN	16	72467	6.3e-3216	CENTRIMO	 	 	http://jaspar.genereg.net/matrix/MA0744.2
46	/home/leyao/Downloads/mousegenome/jaspar.meme	MA1558.1	SNAI1	DRCAGGTGYD	10	78146	1.8e-3145	CENTRIMO	 	 	http://jaspar.genereg.net/matrix/MA1558.1
47	/home/leyao/Downloads/mousegenome/jaspar.meme	MA0461.2	Atoh1	RMCATATGBY	10	66808	4.5e-3122	CENTRIMO	 	 	http://jaspar.genereg.net/matrix/MA0461.2
48	/home/leyao/Downloads/mousegenome/jaspar.meme	MA0743.2	SCRT1	NDWKCAACAGGTGKNN	16	65274	9.4e-2815	CENTRIMO	 	 	http://jaspar.genereg.net/matrix/MA0743.2
49	/home/leyao/Downloads/mousegenome/jaspar.meme	MA0774.1	MEIS2	TTGACAGS	8	80300	2.9e-2355	CENTRIMO	 	 	http://jaspar.genereg.net/matrix/MA0774.1
50	/home/leyao/Downloads/mousegenome/jaspar.meme	MA0783.1	PKNOX2	TGACAGGTGTCA	12	13044	5.6e-2324	CENTRIMO	 	 	http://jaspar.genereg.net/matrix/MA0783.1
51	/home/leyao/Downloads/mousegenome/jaspar.meme	MA1568.1	TCF21(var.2)	CACCATATGKYR	12	55626	3.3e-2272	CENTRIMO	 	 	http://jaspar.genereg.net/matrix/MA1568.1
52	/home/leyao/Downloads/mousegenome/jaspar.meme	MA1655.1	ZNF341	NRGAACAGCCNN	12	83912	4.7e-2265	CENTRIMO	 	 	http://jaspar.genereg.net/matrix/MA1655.1
53	/home/leyao/Downloads/mousegenome/jaspar.meme	MA0649.1	HEY2	GRCACGTGYC	10	52779	5.5e-2244	CENTRIMO	 	 	http://jaspar.genereg.net/matrix/MA0649.1
54	/home/leyao/Downloads/mousegenome/jaspar.meme	MA1629.1	Zic2	NDCACAGCAGGDRG	14	77368	1.1e-2149	CENTRIMO	 	 	http://jaspar.genereg.net/matrix/MA1629.1
55	/home/leyao/Downloads/mousegenome/jaspar.meme	MA1593.1	ZNF317	WVACAGCAGAYW	12	81288	2.5e-2049	CENTRIMO	 	 	http://jaspar.genereg.net/matrix/MA1593.1
56	/home/leyao/Downloads/mousegenome/jaspar.meme	MA0669.1	NEUROG2	RACATATGTC	10	32669	1.7e-2028	CENTRIMO	 	 	http://jaspar.genereg.net/matrix/MA0669.1
57	/home/leyao/Downloads/mousegenome/jaspar.meme	MA0147.3	MYC	NNCCACGTGCNB	12	66425	4.3e-2005	CENTRIMO	 	 	http://jaspar.genereg.net/matrix/MA0147.3
58	/home/leyao/Downloads/mousegenome/jaspar.meme	MA0664.1	MLXIPL	RTCACGTGAT	10	48078	9.6e-1960	CENTRIMO	 	 	http://jaspar.genereg.net/matrix/MA0664.1
59	/home/leyao/Downloads/mousegenome/jaspar.meme	MA1493.1	HES6	GGCACGTGTY	10	41450	7.5e-1931	CENTRIMO	 	 	http://jaspar.genereg.net/matrix/MA1493.1
60	/home/leyao/Downloads/mousegenome/jaspar.meme	MA0775.1	MEIS3	DTGACAGS	8	84894	4.6e-1616	CENTRIMO	 	 	http://jaspar.genereg.net/matrix/MA0775.1
61	/home/leyao/Downloads/mousegenome/jaspar.meme	MA0825.1	MNT	RVCACGTGMH	10	58961	1.2e-1575	CENTRIMO	 	 	http://jaspar.genereg.net/matrix/MA0825.1
62	/home/leyao/Downloads/mousegenome/jaspar.meme	MA1628.1	Zic1::Zic2	CVCAGCAGGNV	11	77723	1.6e-1553	CENTRIMO	 	 	http://jaspar.genereg.net/matrix/MA1628.1
63	/home/leyao/Downloads/mousegenome/jaspar.meme	MA0829.2	SREBF1(var.2)	DNATCACSTGATNH	14	46277	3.9e-1427	CENTRIMO	 	 	http://jaspar.genereg.net/matrix/MA0829.2
64	/home/leyao/Downloads/mousegenome/jaspar.meme	MA0692.1	TFEB	RYCACGTGAC	10	62373	3.1e-1400	CENTRIMO	 	 	http://jaspar.genereg.net/matrix/MA0692.1
65	/home/leyao/Downloads/mousegenome/jaspar.meme	MA0668.1	NEUROD2	RMCATATGBY	10	66203	8.0e-1298	CENTRIMO	 	 	http://jaspar.genereg.net/matrix/MA0668.1
66	/home/leyao/Downloads/mousegenome/jaspar.meme	MA0796.1	TGIF1	TGACAGCTGTCA	12	5633	1.0e-1276	CENTRIMO	 	 	http://jaspar.genereg.net/matrix/MA0796.1
67	/home/leyao/Downloads/mousegenome/jaspar.meme	MA0782.2	PKNOX1	NNTGAGTGACAGVNN	15	76075	3.8e-1252	CENTRIMO	 	 	http://jaspar.genereg.net/matrix/MA0782.2
68	/home/leyao/Downloads/mousegenome/jaspar.meme	MA0058.3	MAX	AVCACGTGNY	10	51495	2.3e-1233	CENTRIMO	 	 	http://jaspar.genereg.net/matrix/MA0058.3
69	/home/leyao/Downloads/mousegenome/jaspar.meme	MA1524.1	MSGN1	NRCCAWWTGKYN	12	69800	6.2e-1230	CENTRIMO	 	 	http://jaspar.genereg.net/matrix/MA1524.1
70	/home/leyao/Downloads/mousegenome/jaspar.meme	MA1114.1	PBX3	NNNTGAGTGACAGGBNN	17	76468	1.7e-1225	CENTRIMO	 	 	http://jaspar.genereg.net/matrix/MA1114.1
71	/home/leyao/Downloads/mousegenome/jaspar.meme	MA0498.2	MEIS1	HTGACAD	7	86618	8.1e-1187	CENTRIMO	 	 	http://jaspar.genereg.net/matrix/MA0498.2
72	/home/leyao/Downloads/mousegenome/jaspar.meme	MA0104.4	MYCN	VVCCACGTGGBB	12	48857	1.0e-1095	CENTRIMO	 	 	http://jaspar.genereg.net/matrix/MA0104.4
73	/home/leyao/Downloads/mousegenome/jaspar.meme	MA1638.1	HAND2	NVCAGATGNN	10	50096	1.7e-975	CENTRIMO	 	 	http://jaspar.genereg.net/matrix/MA1638.1
74	/home/leyao/Downloads/mousegenome/jaspar.meme	MA0093.3	USF1	NDGTCATGTGACHN	14	59037	1.5e-962	CENTRIMO	 	 	http://jaspar.genereg.net/matrix/MA0093.3
75	/home/leyao/Downloads/mousegenome/jaspar.meme	MA0823.1	HEY1	GRCACGTGCC	10	29451	7.7e-924	CENTRIMO	 	 	http://jaspar.genereg.net/matrix/MA0823.1
76	/home/leyao/Downloads/mousegenome/jaspar.meme	MA0526.3	USF2	NDGTCATGTGACHN	14	60409	3.4e-847	CENTRIMO	 	 	http://jaspar.genereg.net/matrix/MA0526.3
77	/home/leyao/Downloads/mousegenome/jaspar.meme	MA1102.2	CTCFL	NSCAGGGGGCGS	12	65413	7.6e-822	CENTRIMO	 	 	http://jaspar.genereg.net/matrix/MA1102.2
78	/home/leyao/Downloads/mousegenome/jaspar.meme	MA1521.1	MAFA	NTGCTGASTCAGCAN	15	59102	4.5e-757	CENTRIMO	 	 	http://jaspar.genereg.net/matrix/MA1521.1
79	/home/leyao/Downloads/mousegenome/jaspar.meme	MA0100.3	MYB	NNCAACTGHH	10	40650	1.1e-754	CENTRIMO	 	 	http://jaspar.genereg.net/matrix/MA0100.3
80	/home/leyao/Downloads/mousegenome/jaspar.meme	MA0513.1	SMAD2::SMAD3::SMAD4	CTGTCTGDCACCT	13	67512	2.1e-752	CENTRIMO	 	 	http://jaspar.genereg.net/matrix/MA0513.1
81	/home/leyao/Downloads/mousegenome/jaspar.meme	MA0739.1	Hic1	RTGCCAACY	9	83413	7.8e-697	CENTRIMO	 	 	http://jaspar.genereg.net/matrix/MA0739.1
82	/home/leyao/Downloads/mousegenome/jaspar.meme	MA0139.1	CTCF	YGRCCASYAGRKGGCRSYR	19	41878	1.3e-692	CENTRIMO	 	 	http://jaspar.genereg.net/matrix/MA0139.1
83	/home/leyao/Downloads/mousegenome/jaspar.meme	MA0827.1	OLIG3	AMCATATGBY	10	56216	3.8e-683	CENTRIMO	 	 	http://jaspar.genereg.net/matrix/MA0827.1
84	STREME	63-AGCAGCAGCAGCAGC	STREME-63	63-AGCAGCAGCAGCAGC	15	268	4.1e-597	STREME	/home/leyao/Downloads/mousegenome/jaspar.meme	MA0500.2 (MYOG)	http://jaspar.genereg.net/matrix/MA0500.2
85	/home/leyao/Downloads/mousegenome/jaspar.meme	MA0671.1	NFIX	NNTGCCAAN	9	87127	8.2e-576	CENTRIMO	 	 	http://jaspar.genereg.net/matrix/MA0671.1
86	/home/leyao/Downloads/mousegenome/jaspar.meme	MA0831.2	TFE3	CACGTGAY	8	59710	2.2e-561	CENTRIMO	 	 	http://jaspar.genereg.net/matrix/MA0831.2
87	/home/leyao/Downloads/mousegenome/jaspar.meme	MA0496.3	MAFK	NGMTGACTCAGCMNH	15	71583	6.2e-558	CENTRIMO	 	 	http://jaspar.genereg.net/matrix/MA0496.3
88	/home/leyao/Downloads/mousegenome/jaspar.meme	MA1633.1	BACH1	NVTGACTCAGCAN	13	59794	3.4e-550	CENTRIMO	 	 	http://jaspar.genereg.net/matrix/MA1633.1
89	/home/leyao/Downloads/mousegenome/jaspar.meme	MA0806.1	TBX4	AGGTGTGA	8	81400	5.5e-550	CENTRIMO	 	 	http://jaspar.genereg.net/matrix/MA0806.1
90	/home/leyao/Downloads/mousegenome/jaspar.meme	MA0751.1	ZIC4	GRCCCCCCGCKGYGH	15	55388	7.9e-549	CENTRIMO	 	 	http://jaspar.genereg.net/matrix/MA0751.1
91	/home/leyao/Downloads/mousegenome/jaspar.meme	MA1646.1	OSR2	NNACAGAAGCNN	12	85755	3.9e-545	CENTRIMO	 	 	http://jaspar.genereg.net/matrix/MA1646.1
92	/home/leyao/Downloads/mousegenome/jaspar.meme	MA0059.1	MAX::MYC	RASCACGTGGT	11	34508	1.1e-510	CENTRIMO	 	 	http://jaspar.genereg.net/matrix/MA0059.1
93	/home/leyao/Downloads/mousegenome/jaspar.meme	MA0818.1	BHLHE22	AMCATATGBT	10	32882	1.9e-505	CENTRIMO	 	 	http://jaspar.genereg.net/matrix/MA0818.1
94	/home/leyao/Downloads/mousegenome/jaspar.meme	MA0603.1	Arntl	NGTCACGTGH	10	54594	1.6e-503	CENTRIMO	 	 	http://jaspar.genereg.net/matrix/MA0603.1
95	/home/leyao/Downloads/mousegenome/jaspar.meme	MA0826.1	OLIG1	AMCATATGKT	10	21810	7.1e-496	CENTRIMO	 	 	http://jaspar.genereg.net/matrix/MA0826.1
96	/home/leyao/Downloads/mousegenome/jaspar.meme	MA1520.1	MAF	NTGCTGASTCAGCAH	15	56174	8.3e-478	CENTRIMO	 	 	http://jaspar.genereg.net/matrix/MA1520.1
97	/home/leyao/Downloads/mousegenome/jaspar.meme	MA0597.1	THAP1	YTGCCCDBA	9	87670	1.0e-442	CENTRIMO	 	 	http://jaspar.genereg.net/matrix/MA0597.1
98	/home/leyao/Downloads/mousegenome/jaspar.meme	MA0738.1	HIC2	RTGCCCRSB	9	86366	8.1e-439	CENTRIMO	 	 	http://jaspar.genereg.net/matrix/MA0738.1
99	/home/leyao/Downloads/mousegenome/jaspar.meme	MA0828.1	SREBF2(var.2)	ATCACGTGAY	10	16533	7.2e-425	CENTRIMO	 	 	http://jaspar.genereg.net/matrix/MA0828.1
100	/home/leyao/Downloads/mousegenome/jaspar.meme	MA1560.1	SOHLH2	YGCACGTGCN	10	42035	1.3e-402	CENTRIMO	 	 	http://jaspar.genereg.net/matrix/MA1560.1
101	/home/leyao/Downloads/mousegenome/jaspar.meme	MA0506.1	NRF1	GCGCVTGCGCR	11	28316	5.0e-397	CENTRIMO	 	 	http://jaspar.genereg.net/matrix/MA0506.1
102	/home/leyao/Downloads/mousegenome/jaspar.meme	MA0807.1	TBX5	AGGTGTKA	8	86109	1.5e-391	CENTRIMO	 	 	http://jaspar.genereg.net/matrix/MA0807.1
103	/home/leyao/Downloads/mousegenome/jaspar.meme	MA0620.3	MITF	NNNDRTCACGTGAYHNNN	18	38198	1.0e-389	CENTRIMO	 	 	http://jaspar.genereg.net/matrix/MA0620.3
104	/home/leyao/Downloads/mousegenome/jaspar.meme	MA0801.1	MGA	AGGTGTGA	8	74583	2.8e-389	CENTRIMO	 	 	http://jaspar.genereg.net/matrix/MA0801.1
105	/home/leyao/Downloads/mousegenome/jaspar.meme	MA0626.1	Npas2	NSCACGTGTN	10	56085	5.7e-387	CENTRIMO	 	 	http://jaspar.genereg.net/matrix/MA0626.1
106	/home/leyao/Downloads/mousegenome/jaspar.meme	MA0633.1	Twist2	NCCATATGTK	10	38827	1.3e-385	CENTRIMO	 	 	http://jaspar.genereg.net/matrix/MA0633.1
107	/home/leyao/Downloads/mousegenome/jaspar.meme	MA1099.2	HES1	GGCRCGTGBC	10	38711	8.0e-385	CENTRIMO	 	 	http://jaspar.genereg.net/matrix/MA1099.2
108	STREME	6-CCASHAGRGGGCR	STREME-6	CCASHAGRGGGCR	13	718	1.7e-384	STREME	/home/leyao/Downloads/mousegenome/jaspar.meme	MA0139.1 (CTCF)	http://jaspar.genereg.net/matrix/MA0139.1
109	/home/leyao/Downloads/mousegenome/jaspar.meme	MA0591.1	Bach1::Mafk	RSSATGACTCAGCAB	15	20066	1.5e-374	CENTRIMO	 	 	http://jaspar.genereg.net/matrix/MA0591.1
110	/home/leyao/Downloads/mousegenome/jaspar.meme	MA0623.2	NEUROG1	RACATATGTY	10	20466	3.6e-372	CENTRIMO	 	 	http://jaspar.genereg.net/matrix/MA0623.2
111	STREME	52-TATCTGCAGCTGGCA	STREME-52	52-TATCTGCAGCTGGCA	15	85	2.0e-370	STREME	/home/leyao/Downloads/mousegenome/jaspar.meme	MA0521.1 (Tcf12)	http://jaspar.genereg.net/matrix/MA0521.1
112	/home/leyao/Downloads/mousegenome/jaspar.meme	MA0819.1	CLOCK	AACACGTGTH	10	48675	9.1e-369	CENTRIMO	 	 	http://jaspar.genereg.net/matrix/MA0819.1
113	/home/leyao/Downloads/mousegenome/jaspar.meme	MA1566.1	TBX3	RAGGTGTSAN	10	86264	2.6e-368	CENTRIMO	 	 	http://jaspar.genereg.net/matrix/MA1566.1
114	STREME	7-CTGTCAMTCA	STREME-7	CTGTCAMTCA	10	2502	1.2e-361	STREME	/home/leyao/Downloads/mousegenome/jaspar.meme	MA0782.2 (PKNOX1)	http://jaspar.genereg.net/matrix/MA0782.2
115	/home/leyao/Downloads/mousegenome/jaspar.meme	MA0464.2	BHLHE40	VKCACGTGMC	10	27865	1.7e-352	CENTRIMO	 	 	http://jaspar.genereg.net/matrix/MA0464.2
116	/home/leyao/Downloads/mousegenome/jaspar.meme	MA1643.1	NFIB	NNCCTGGCAYNGTGCCAAGNN	21	25878	1.4e-338	CENTRIMO	 	 	http://jaspar.genereg.net/matrix/MA1643.1
117	STREME	17-GTCACYR	STREME-17	17-GTCACYR	7	9987	2.9e-335	STREME	/home/leyao/Downloads/mousegenome/jaspar.meme	MA0638.1 (CREB3)	http://jaspar.genereg.net/matrix/MA0638.1
118	/home/leyao/Downloads/mousegenome/jaspar.meme	MA0067.1	Pax2	NGTCAYKB	8	86242	5.1e-320	CENTRIMO	 	 	http://jaspar.genereg.net/matrix/MA0067.1
119	/home/leyao/Downloads/mousegenome/jaspar.meme	MA1583.1	ZFP57	NNVTTGCCGCANN	13	39498	2.2e-317	CENTRIMO	 	 	http://jaspar.genereg.net/matrix/MA1583.1
120	STREME	50-AGTGAC	STREME-50	50-AGTGAC	6	1185	1.6e-314	STREME	/home/leyao/Downloads/mousegenome/jaspar.meme	MA1114.1 (PBX3)	http://jaspar.genereg.net/matrix/MA1114.1
121	/home/leyao/Downloads/mousegenome/jaspar.meme	MA0608.1	Creb3l2	GCCACGTGD	9	15244	3.0e-307	CENTRIMO	 	 	http://jaspar.genereg.net/matrix/MA0608.1
122	/home/leyao/Downloads/mousegenome/jaspar.meme	MA1615.1	Plagl1	NNCTGGGGCCABN	13	75388	1.8e-300	CENTRIMO	 	 	http://jaspar.genereg.net/matrix/MA1615.1
123	STREME	24-GCCCTGCCC	STREME-24	24-GCCCTGCCC	9	438	2.9e-297	STREME	/home/leyao/Downloads/mousegenome/jaspar.meme	MA1513.1 (KLF15)	http://jaspar.genereg.net/matrix/MA1513.1
124	/home/leyao/Downloads/mousegenome/jaspar.meme	MA0616.2	HES2	GGCACGTGYC	10	28798	4.9e-286	CENTRIMO	 	 	http://jaspar.genereg.net/matrix/MA0616.2
125	/home/leyao/Downloads/mousegenome/jaspar.meme	MA0696.1	ZIC1	GACCCCCYGCTGTG	14	16760	3.0e-285	CENTRIMO	 	 	http://jaspar.genereg.net/matrix/MA0696.1
126	/home/leyao/Downloads/mousegenome/jaspar.meme	MA1567.1	TBX6	DAGGTGTKAW	10	84356	1.2e-271	CENTRIMO	 	 	http://jaspar.genereg.net/matrix/MA1567.1
127	/home/leyao/Downloads/mousegenome/jaspar.meme	MA0871.2	TFEC	NVCACGTGACN	11	20175	1.7e-268	CENTRIMO	 	 	http://jaspar.genereg.net/matrix/MA0871.2
128	/home/leyao/Downloads/mousegenome/jaspar.meme	MA0150.2	Nfe2l2	CASNATGACTCAGCA	15	38474	2.0e-264	CENTRIMO	 	 	http://jaspar.genereg.net/matrix/MA0150.2
129	/home/leyao/Downloads/mousegenome/jaspar.meme	MA0678.1	OLIG2	AMCATATGKT	10	38022	1.5e-262	CENTRIMO	 	 	http://jaspar.genereg.net/matrix/MA0678.1
130	/home/leyao/Downloads/mousegenome/jaspar.meme	MA0014.3	PAX5	RRGCGTGACCNN	12	65073	4.0e-262	CENTRIMO	 	 	http://jaspar.genereg.net/matrix/MA0014.3
131	/home/leyao/Downloads/mousegenome/jaspar.meme	MA0089.2	NFE2L1	NVNATGACTCAGCADW	16	27808	8.5e-259	CENTRIMO	 	 	http://jaspar.genereg.net/matrix/MA0089.2
132	/home/leyao/Downloads/mousegenome/jaspar.meme	MA1108.2	MXI1	NNCACATGBN	10	61161	7.4e-254	CENTRIMO	 	 	http://jaspar.genereg.net/matrix/MA1108.2
133	/home/leyao/Downloads/mousegenome/jaspar.meme	MA0119.1	NFIC::TLX1	TGGCASSRWGCCAA	14	11242	2.1e-253	CENTRIMO	 	 	http://jaspar.genereg.net/matrix/MA0119.1
134	/home/leyao/Downloads/mousegenome/jaspar.meme	MA0803.1	TBX15	AGGTGTGA	8	57083	2.3e-253	CENTRIMO	 	 	http://jaspar.genereg.net/matrix/MA0803.1
135	/home/leyao/Downloads/mousegenome/jaspar.meme	MA1542.1	OSR1	HGCTACYGTD	10	56273	4.0e-251	CENTRIMO	 	 	http://jaspar.genereg.net/matrix/MA1542.1
136	STREME	5-RTGASTCAY	STREME-5	RTGASTCAY	9	4577	1.4e-250	STREME	/home/leyao/Downloads/mousegenome/jaspar.meme	MA0489.1 (JUN(var.2))	http://jaspar.genereg.net/matrix/MA0489.1
137	/home/leyao/Downloads/mousegenome/jaspar.meme	MA1528.1	NFIX(var.2)	STTGGCRNNGTGCCARB	17	23004	6.9e-245	CENTRIMO	 	 	http://jaspar.genereg.net/matrix/MA1528.1
138	STREME	56-CAGTCAGGAGCACA	STREME-56	56-CAGTCAGGAGCACA	14	47	5.5e-243	STREME	/home/leyao/Downloads/mousegenome/jaspar.meme	MA0140.2 (GATA1::TAL1)	http://jaspar.genereg.net/matrix/MA0140.2
139	/home/leyao/Downloads/mousegenome/jaspar.meme	MA0117.2	Mafb	AWWNTGCTGACD	12	70956	1.3e-240	CENTRIMO	 	 	http://jaspar.genereg.net/matrix/MA0117.2
140	/home/leyao/Downloads/mousegenome/jaspar.meme	MA0478.1	FOSL2	KRRTGASTCAB	11	29328	5.2e-233	CENTRIMO	 	 	http://jaspar.genereg.net/matrix/MA0478.1
141	/home/leyao/Downloads/mousegenome/jaspar.meme	MA0748.2	YY2	NVATGGCGGCS	11	59626	7.7e-220	CENTRIMO	 	 	http://jaspar.genereg.net/matrix/MA0748.2
142	/home/leyao/Downloads/mousegenome/jaspar.meme	MA1474.1	CREB3L4	YGCCACGTCAYC	12	57236	1.6e-219	CENTRIMO	 	 	http://jaspar.genereg.net/matrix/MA1474.1
143	/home/leyao/Downloads/mousegenome/jaspar.meme	MA1475.1	CREB3L4(var.2)	GRTGACGTCAYC	12	34987	2.8e-217	CENTRIMO	 	 	http://jaspar.genereg.net/matrix/MA1475.1
144	/home/leyao/Downloads/mousegenome/jaspar.meme	MA0501.1	MAF::NFE2	ATGACTCAGCANWTY	15	23730	2.7e-213	CENTRIMO	 	 	http://jaspar.genereg.net/matrix/MA0501.1
145	/home/leyao/Downloads/mousegenome/jaspar.meme	MA1101.2	BACH2	DWANCATGASTCATSNTWH	19	9109	2.3e-211	CENTRIMO	 	 	http://jaspar.genereg.net/matrix/MA1101.2
146	STREME	47-ACRCATGTGC	STREME-47	47-ACRCATGTGC	10	902	2.4e-210	STREME	/home/leyao/Downloads/mousegenome/jaspar.meme	MA1620.1 (Ptf1a(var.3))	http://jaspar.genereg.net/matrix/MA1620.1
147	/home/leyao/Downloads/mousegenome/jaspar.meme	MA0798.2	RFX3	BNGTTGCYATGGHA	14	61921	1.1e-209	CENTRIMO	 	 	http://jaspar.genereg.net/matrix/MA0798.2
148	/home/leyao/Downloads/mousegenome/jaspar.meme	MA0161.2	NFIC	NNCTTGGCANN	11	73535	6.0e-203	CENTRIMO	 	 	http://jaspar.genereg.net/matrix/MA0161.2
149	STREME	54-CCTAGCAAC	STREME-54	54-CCTAGCAAC	9	105	3.9e-202	STREME	/home/leyao/Downloads/mousegenome/jaspar.meme	MA0509.2 (RFX1)	http://jaspar.genereg.net/matrix/MA0509.2
150	/home/leyao/Downloads/mousegenome/jaspar.meme	MA0655.1	JDP2	ATGACTCAT	9	21013	6.0e-197	CENTRIMO	 	 	http://jaspar.genereg.net/matrix/MA0655.1
151	/home/leyao/Downloads/mousegenome/jaspar.meme	MA1141.1	FOS::JUND	NKATGAGTCATNN	13	36045	1.6e-196	CENTRIMO	 	 	http://jaspar.genereg.net/matrix/MA1141.1
152	/home/leyao/Downloads/mousegenome/jaspar.meme	MA0509.2	RFX1	NDGTTGCYATGGNA	14	62556	2.0e-193	CENTRIMO	 	 	http://jaspar.genereg.net/matrix/MA0509.2
153	/home/leyao/Downloads/mousegenome/jaspar.meme	MA0146.2	Zfx	SSSGCCBVGGCCTS	14	53813	2.9e-190	CENTRIMO	 	 	http://jaspar.genereg.net/matrix/MA0146.2
154	/home/leyao/Downloads/mousegenome/jaspar.meme	MA0609.2	CREM	NNDGTGACGTCACHNN	16	45380	1.5e-187	CENTRIMO	 	 	http://jaspar.genereg.net/matrix/MA0609.2
155	/home/leyao/Downloads/mousegenome/jaspar.meme	MA0092.1	Hand1::Tcf3	BRTCTGGMWT	10	85119	1.7e-187	CENTRIMO	 	 	http://jaspar.genereg.net/matrix/MA0092.1
156	/home/leyao/Downloads/mousegenome/jaspar.meme	MA0002.2	RUNX1	BBYTGTGGTTT	11	85695	7.6e-186	CENTRIMO	 	 	http://jaspar.genereg.net/matrix/MA0002.2
157	/home/leyao/Downloads/mousegenome/jaspar.meme	MA0006.1	Ahr::Arnt	YGCGTG	6	71571	7.5e-184	CENTRIMO	 	 	http://jaspar.genereg.net/matrix/MA0006.1
158	/home/leyao/Downloads/mousegenome/jaspar.meme	MA1554.1	RFX7	CGTTGCYAY	9	78081	1.7e-183	CENTRIMO	 	 	http://jaspar.genereg.net/matrix/MA1554.1
159	/home/leyao/Downloads/mousegenome/jaspar.meme	MA0814.2	TFAP2C(var.2)	NNGCCTGAGGCGNN	14	70906	1.7e-177	CENTRIMO	 	 	http://jaspar.genereg.net/matrix/MA0814.2
160	/home/leyao/Downloads/mousegenome/jaspar.meme	MA1527.1	NFIC(var.2)	NTTGGCDNNRTGCCARN	17	7619	6.7e-176	CENTRIMO	 	 	http://jaspar.genereg.net/matrix/MA1527.1
161	/home/leyao/Downloads/mousegenome/jaspar.meme	MA1144.1	FOSL2::JUND	KATGACTCAT	10	37541	8.9e-176	CENTRIMO	 	 	http://jaspar.genereg.net/matrix/MA1144.1
162	/home/leyao/Downloads/mousegenome/jaspar.meme	MA0697.1	ZIC3	GACCCCCCGCTGYGH	15	25680	3.8e-173	CENTRIMO	 	 	http://jaspar.genereg.net/matrix/MA0697.1
163	/home/leyao/Downloads/mousegenome/jaspar.meme	MA1134.1	FOS::JUNB	KATGASTCATHN	12	33851	1.2e-171	CENTRIMO	 	 	http://jaspar.genereg.net/matrix/MA1134.1
164	/home/leyao/Downloads/mousegenome/jaspar.meme	MA1622.1	Smad2::Smad3	NNDRTGACTCATNN	14	61828	2.6e-169	CENTRIMO	 	 	http://jaspar.genereg.net/matrix/MA1622.1
165	/home/leyao/Downloads/mousegenome/jaspar.meme	MA0489.1	JUN(var.2)	RRRRRRTGASTCAT	14	31083	3.1e-166	CENTRIMO	 	 	http://jaspar.genereg.net/matrix/MA0489.1
166	/home/leyao/Downloads/mousegenome/jaspar.meme	MA1656.1	ZNF449	NNAAGCCCAACCNN	14	67791	6.3e-163	CENTRIMO	 	 	http://jaspar.genereg.net/matrix/MA1656.1
167	/home/leyao/Downloads/mousegenome/jaspar.meme	MA0524.2	TFAP2C	YGCCYBVRGGCA	12	65054	1.2e-161	CENTRIMO	 	 	http://jaspar.genereg.net/matrix/MA0524.2
168	/home/leyao/Downloads/mousegenome/jaspar.meme	MA1516.1	KLF3	GRCCRCGCCCH	11	43558	1.5e-161	CENTRIMO	 	 	http://jaspar.genereg.net/matrix/MA1516.1
169	/home/leyao/Downloads/mousegenome/jaspar.meme	MA1130.1	FOSL2::JUN	NNRTGAGTCAYN	12	49737	4.1e-160	CENTRIMO	 	 	http://jaspar.genereg.net/matrix/MA1130.1
170	/home/leyao/Downloads/mousegenome/jaspar.meme	MA0099.3	FOS::JUN	ATGAGTCAYM	10	56141	8.4e-157	CENTRIMO	 	 	http://jaspar.genereg.net/matrix/MA0099.3
171	STREME	60-CCATGGCAAC	STREME-60	60-CCATGGCAAC	10	84	4.9e-155	STREME	/home/leyao/Downloads/mousegenome/jaspar.meme	MA0600.2 (RFX2)	http://jaspar.genereg.net/matrix/MA0600.2
172	/home/leyao/Downloads/mousegenome/jaspar.meme	MA0511.2	RUNX2	WAACCGCAA	9	59279	6.9e-153	CENTRIMO	 	 	http://jaspar.genereg.net/matrix/MA0511.2
173	/home/leyao/Downloads/mousegenome/jaspar.meme	MA0130.1	ZNF354C	MTCCAC	6	85796	7.0e-153	CENTRIMO	 	 	http://jaspar.genereg.net/matrix/MA0130.1
174	/home/leyao/Downloads/mousegenome/jaspar.meme	MA0477.2	FOSL1	NNATGACTCATNN	13	49951	1.2e-152	CENTRIMO	 	 	http://jaspar.genereg.net/matrix/MA0477.2
175	/home/leyao/Downloads/mousegenome/jaspar.meme	MA1128.1	FOSL1::JUN	NKATGACTCATNN	13	51181	1.7e-151	CENTRIMO	 	 	http://jaspar.genereg.net/matrix/MA1128.1
176	/home/leyao/Downloads/mousegenome/jaspar.meme	MA0810.1	TFAP2A(var.2)	YGCCCBVRGGCR	12	63236	5.9e-150	CENTRIMO	 	 	http://jaspar.genereg.net/matrix/MA0810.1
177	/home/leyao/Downloads/mousegenome/jaspar.meme	MA1105.2	GRHL2	NRAACAGGTTYN	12	76237	2.1e-149	CENTRIMO	 	 	http://jaspar.genereg.net/matrix/MA1105.2
178	/home/leyao/Downloads/mousegenome/jaspar.meme	MA0629.1	Rhox11	ANKNCGCTGTWAWDVRW	17	59663	6.9e-148	CENTRIMO	 	 	http://jaspar.genereg.net/matrix/MA0629.1
179	/home/leyao/Downloads/mousegenome/jaspar.meme	MA0841.1	NFE2	VATGACTCATS	11	7588	2.2e-145	CENTRIMO	 	 	http://jaspar.genereg.net/matrix/MA0841.1
180	/home/leyao/Downloads/mousegenome/jaspar.meme	MA0670.1	NFIA	NDTGCCAAND	10	23494	4.1e-144	CENTRIMO	 	 	http://jaspar.genereg.net/matrix/MA0670.1
181	/home/leyao/Downloads/mousegenome/jaspar.meme	MA0476.1	FOS	DVTGASTCATB	11	23032	1.4e-143	CENTRIMO	 	 	http://jaspar.genereg.net/matrix/MA0476.1
182	/home/leyao/Downloads/mousegenome/jaspar.meme	MA0842.2	NRL	AAWWNTGCTGACG	13	29861	1.2e-140	CENTRIMO	 	 	http://jaspar.genereg.net/matrix/MA0842.2
183	/home/leyao/Downloads/mousegenome/jaspar.meme	MA0805.1	TBX1	AGGTGTGA	8	52787	1.1e-139	CENTRIMO	 	 	http://jaspar.genereg.net/matrix/MA0805.1
184	/home/leyao/Downloads/mousegenome/jaspar.meme	MA0811.1	TFAP2B	YGCCCBVRGGCA	12	62383	1.1e-138	CENTRIMO	 	 	http://jaspar.genereg.net/matrix/MA0811.1
185	/home/leyao/Downloads/mousegenome/jaspar.meme	MA0802.1	TBR1	AGGTGTGAAA	10	59615	2.6e-138	CENTRIMO	 	 	http://jaspar.genereg.net/matrix/MA0802.1
186	/home/leyao/Downloads/mousegenome/jaspar.meme	MA1135.1	FOSB::JUNB	KRTGASTCAT	10	36698	1.0e-137	CENTRIMO	 	 	http://jaspar.genereg.net/matrix/MA1135.1
187	/home/leyao/Downloads/mousegenome/jaspar.meme	MA0003.4	TFAP2A	NNKGCCTCAGGCNN	14	72165	3.1e-137	CENTRIMO	 	 	http://jaspar.genereg.net/matrix/MA0003.4
188	/home/leyao/Downloads/mousegenome/jaspar.meme	MA1584.1	ZIC5	VGACCCCCCGCTGHGM	16	13090	2.7e-136	CENTRIMO	 	 	http://jaspar.genereg.net/matrix/MA1584.1
189	/home/leyao/Downloads/mousegenome/jaspar.meme	MA1581.1	ZBTB6	DNSCTTGAGCCNV	13	74643	7.1e-136	CENTRIMO	 	 	http://jaspar.genereg.net/matrix/MA1581.1
190	/home/leyao/Downloads/mousegenome/jaspar.meme	MA1464.1	ARNT2	GTCACGTGMN	10	21650	1.1e-132	CENTRIMO	 	 	http://jaspar.genereg.net/matrix/MA1464.1
191	/home/leyao/Downloads/mousegenome/jaspar.meme	MA1647.1	PRDM4	DDCTGTTTCWN	11	83661	7.6e-132	CENTRIMO	 	 	http://jaspar.genereg.net/matrix/MA1647.1
192	/home/leyao/Downloads/mousegenome/jaspar.meme	MA0138.2	REST	TTCAGCACCATGGACAGCDCC	21	13902	1.1e-131	CENTRIMO	 	 	http://jaspar.genereg.net/matrix/MA0138.2
193	STREME	46-CACGCCC	STREME-46	46-CACGCCC	7	878	1.3e-128	STREME	/home/leyao/Downloads/mousegenome/jaspar.meme	MA0657.1 (KLF13)	http://jaspar.genereg.net/matrix/MA0657.1
194	/home/leyao/Downloads/mousegenome/jaspar.meme	MA0812.1	TFAP2B(var.2)	HGCCTSAGGCD	11	48191	7.3e-127	CENTRIMO	 	 	http://jaspar.genereg.net/matrix/MA0812.1
195	/home/leyao/Downloads/mousegenome/jaspar.meme	MA0632.2	TCFL5	KCACGCGCMC	10	32375	4.0e-125	CENTRIMO	 	 	http://jaspar.genereg.net/matrix/MA0632.2
196	/home/leyao/Downloads/mousegenome/jaspar.meme	MA0259.1	ARNT::HIF1A	VBACGTGC	8	41884	4.3e-124	CENTRIMO	 	 	http://jaspar.genereg.net/matrix/MA0259.1
197	/home/leyao/Downloads/mousegenome/jaspar.meme	MA0491.2	JUND	NNATGACTCATNN	13	47685	1.7e-123	CENTRIMO	 	 	http://jaspar.genereg.net/matrix/MA0491.2
198	/home/leyao/Downloads/mousegenome/jaspar.meme	MA1138.1	FOSL2::JUNB	KRTGASTCAT	10	32393	9.5e-122	CENTRIMO	 	 	http://jaspar.genereg.net/matrix/MA1138.1
199	/home/leyao/Downloads/mousegenome/jaspar.meme	MA1515.1	KLF2	NRCCACRCCCH	11	75319	1.4e-120	CENTRIMO	 	 	http://jaspar.genereg.net/matrix/MA1515.1
200	/home/leyao/Downloads/mousegenome/jaspar.meme	MA0018.4	CREB1	NNRTGATGTCAYN	13	65564	1.8e-120	CENTRIMO	 	 	http://jaspar.genereg.net/matrix/MA0018.4
201	STREME	73-CACYSRGTG	STREME-73	73-CACYSRGTG	9	68	5.1e-117	STREME	 	 	 
202	/home/leyao/Downloads/mousegenome/jaspar.meme	MA0742.1	Klf12	GRCCACGCCCWHHWH	15	28133	5.8e-117	CENTRIMO	 	 	http://jaspar.genereg.net/matrix/MA0742.1
203	/home/leyao/Downloads/mousegenome/jaspar.meme	MA1132.1	JUN::JUNB	KATGACKCAT	10	74319	1.2e-112	CENTRIMO	 	 	http://jaspar.genereg.net/matrix/MA1132.1
204	/home/leyao/Downloads/mousegenome/jaspar.meme	MA1517.1	KLF6	NRCCACGCCCH	11	65749	2.8e-112	CENTRIMO	 	 	http://jaspar.genereg.net/matrix/MA1517.1
205	/home/leyao/Downloads/mousegenome/jaspar.meme	MA0079.4	SP1	BWRGCCACGCCCMCH	15	16708	1.3e-111	CENTRIMO	 	 	http://jaspar.genereg.net/matrix/MA0079.4
206	/home/leyao/Downloads/mousegenome/jaspar.meme	MA1107.2	KLF9	MNGCCACACCCACHYV	16	70440	1.3e-109	CENTRIMO	 	 	http://jaspar.genereg.net/matrix/MA1107.2
207	/home/leyao/Downloads/mousegenome/jaspar.meme	MA0646.1	GCM1	BATGCGGGTAC	11	50243	2.3e-105	CENTRIMO	 	 	http://jaspar.genereg.net/matrix/MA0646.1
208	/home/leyao/Downloads/mousegenome/jaspar.meme	MA1650.1	ZBTB14	SSCCGCGCACVS	12	42650	4.8e-104	CENTRIMO	 	 	http://jaspar.genereg.net/matrix/MA1650.1
209	STREME	43-CCACACCC	STREME-43	43-CCACACCC	8	955	1.5e-096	STREME	/home/leyao/Downloads/mousegenome/jaspar.meme	MA0493.1 (Klf1)	http://jaspar.genereg.net/matrix/MA0493.1
210	/home/leyao/Downloads/mousegenome/jaspar.meme	MA0659.2	MAFG	DAGTCAGCATTTYHN	15	67089	1.1e-094	CENTRIMO	 	 	http://jaspar.genereg.net/matrix/MA0659.2
211	/home/leyao/Downloads/mousegenome/jaspar.meme	MA0636.1	BHLHE41	RTCACGTGAC	10	7146	2.6e-094	CENTRIMO	 	 	http://jaspar.genereg.net/matrix/MA0636.1
212	/home/leyao/Downloads/mousegenome/jaspar.meme	MA1563.1	SOX18	VACAAYGS	8	86356	3.3e-092	CENTRIMO	 	 	http://jaspar.genereg.net/matrix/MA1563.1
213	/home/leyao/Downloads/mousegenome/jaspar.meme	MA0462.2	BATF::JUN	DATGACTCATH	11	66126	2.2e-091	CENTRIMO	 	 	http://jaspar.genereg.net/matrix/MA0462.2
214	STREME	45-CAAATGCC	STREME-45	45-CAAATGCC	8	218	1.8e-089	STREME	 	 	 
215	/home/leyao/Downloads/mousegenome/jaspar.meme	MA1634.1	BATF	DATGACTCATH	11	66959	6.2e-088	CENTRIMO	 	 	http://jaspar.genereg.net/matrix/MA1634.1
216	/home/leyao/Downloads/mousegenome/jaspar.meme	MA0502.2	NFYB	CYCATTGGCCVV	12	61597	9.6e-087	CENTRIMO	 	 	http://jaspar.genereg.net/matrix/MA0502.2
217	/home/leyao/Downloads/mousegenome/jaspar.meme	MA0822.1	HES7	YGGCACGTGCCR	12	2816	2.1e-083	CENTRIMO	 	 	http://jaspar.genereg.net/matrix/MA0822.1
218	/home/leyao/Downloads/mousegenome/jaspar.meme	MA0490.2	JUNB	NNATGACTCATNN	13	51197	3.5e-083	CENTRIMO	 	 	http://jaspar.genereg.net/matrix/MA0490.2
219	/home/leyao/Downloads/mousegenome/jaspar.meme	MA1599.1	ZNF682	BVGGCYAAGCCCCWNY	16	52869	3.9e-083	CENTRIMO	 	 	http://jaspar.genereg.net/matrix/MA1599.1
220	/home/leyao/Downloads/mousegenome/jaspar.meme	MA0746.2	SP3	NGCCACGCCCMCH	13	47767	4.4e-081	CENTRIMO	 	 	http://jaspar.genereg.net/matrix/MA0746.2
221	/home/leyao/Downloads/mousegenome/jaspar.meme	MA0039.4	KLF4	NNCCCCACCCHN	12	79796	3.6e-080	CENTRIMO	 	 	http://jaspar.genereg.net/matrix/MA0039.4
222	/home/leyao/Downloads/mousegenome/jaspar.meme	MA0595.1	SREBF1	VTCACCCCAY	10	27820	3.6e-078	CENTRIMO	 	 	http://jaspar.genereg.net/matrix/MA0595.1
223	/home/leyao/Downloads/mousegenome/jaspar.meme	MA0750.2	ZBTB7A	NVCCGGAAGTGSV	13	71389	7.4e-077	CENTRIMO	 	 	http://jaspar.genereg.net/matrix/MA0750.2
224	/home/leyao/Downloads/mousegenome/jaspar.meme	MA1137.1	FOSL1::JUNB	NDRTGACTCATNN	13	74385	1.1e-075	CENTRIMO	 	 	http://jaspar.genereg.net/matrix/MA1137.1
225	/home/leyao/Downloads/mousegenome/jaspar.meme	MA0493.1	Klf1	RRCCACACCCW	11	55800	8.0e-073	CENTRIMO	 	 	http://jaspar.genereg.net/matrix/MA0493.1
226	/home/leyao/Downloads/mousegenome/jaspar.meme	MA1511.1	KLF10	GMCACACCCMC	11	58494	4.2e-071	CENTRIMO	 	 	http://jaspar.genereg.net/matrix/MA1511.1
227	/home/leyao/Downloads/mousegenome/jaspar.meme	MA1565.1	TBX18	DRAGGTGTGAAR	12	77342	1.7e-070	CENTRIMO	 	 	http://jaspar.genereg.net/matrix/MA1565.1
228	/home/leyao/Downloads/mousegenome/jaspar.meme	MA0622.1	Mlxip	BCACGTGK	8	7548	2.9e-070	CENTRIMO	 	 	http://jaspar.genereg.net/matrix/MA0622.1
229	/home/leyao/Downloads/mousegenome/jaspar.meme	MA0872.1	TFAP2A(var.3)	TGCCCYSRGGGCA	13	26497	3.0e-069	CENTRIMO	 	 	http://jaspar.genereg.net/matrix/MA0872.1
230	STREME	25-CGGGGAC	STREME-25	25-CGGGGAC	7	725	2.2e-068	STREME	 	 	 
231	/home/leyao/Downloads/mousegenome/jaspar.meme	MA0688.1	TBX2	DAGGTGTGAAA	11	76148	6.9e-068	CENTRIMO	 	 	http://jaspar.genereg.net/matrix/MA0688.1
232	/home/leyao/Downloads/mousegenome/jaspar.meme	MA0004.1	Arnt	CACGTG	6	24193	9.2e-067	CENTRIMO	 	 	http://jaspar.genereg.net/matrix/MA0004.1
233	STREME	19-CAACAATGGTCAGC	STREME-19	19-CAACAATGGTCAGC	14	129	1.4e-066	STREME	/home/leyao/Downloads/mousegenome/jaspar.meme	MA0077.1 (SOX9)	http://jaspar.genereg.net/matrix/MA0077.1
234	/home/leyao/Downloads/mousegenome/jaspar.meme	MA0817.1	BHLHE23	AAACATATGBTN	12	13624	2.4e-065	CENTRIMO	 	 	http://jaspar.genereg.net/matrix/MA0817.1
235	/home/leyao/Downloads/mousegenome/jaspar.meme	MA0009.2	TBXT	TCACACMTAKGTGTGA	16	8994	1.7e-064	CENTRIMO	 	 	http://jaspar.genereg.net/matrix/MA0009.2
236	/home/leyao/Downloads/mousegenome/jaspar.meme	MA0663.1	MLX	RTCACGTGAT	10	12281	6.4e-063	CENTRIMO	 	 	http://jaspar.genereg.net/matrix/MA0663.1
237	STREME	2-GCCCCGCCCC	STREME-2	GCCCCGCCCC	10	5172	1.1e-062	STREME	/home/leyao/Downloads/mousegenome/jaspar.meme	MA1513.1 (KLF15)	http://jaspar.genereg.net/matrix/MA1513.1
238	STREME	62-GAGGTCAGA	STREME-62	62-GAGGTCAGA	9	257	4.4e-062	STREME	/home/leyao/Downloads/mousegenome/jaspar.meme	MA0504.1 (NR2C2)	http://jaspar.genereg.net/matrix/MA0504.1
239	/home/leyao/Downloads/mousegenome/jaspar.meme	MA0839.1	CREB3L1	VTGCCACGTCAYCA	14	13088	1.4e-061	CENTRIMO	 	 	http://jaspar.genereg.net/matrix/MA0839.1
240	/home/leyao/Downloads/mousegenome/jaspar.meme	MA0596.1	SREBF2	RTGGGGTGAY	10	31602	3.4e-061	CENTRIMO	 	 	http://jaspar.genereg.net/matrix/MA0596.1
241	/home/leyao/Downloads/mousegenome/jaspar.meme	MA0821.1	HES5	YGGCACGTGCCR	12	2695	5.8e-061	CENTRIMO	 	 	http://jaspar.genereg.net/matrix/MA0821.1
242	/home/leyao/Downloads/mousegenome/jaspar.meme	MA0808.1	TEAD3	RCATTCCW	8	54374	4.7e-060	CENTRIMO	 	 	http://jaspar.genereg.net/matrix/MA0808.1
243	/home/leyao/Downloads/mousegenome/jaspar.meme	MA0258.2	ESR2	AGGTCASVNTGMCCY	15	67284	3.0e-058	CENTRIMO	 	 	http://jaspar.genereg.net/matrix/MA0258.2
244	/home/leyao/Downloads/mousegenome/jaspar.meme	MA1142.1	FOSL1::JUND	NRTGACTCAT	10	81354	9.5e-058	CENTRIMO	 	 	http://jaspar.genereg.net/matrix/MA1142.1
245	STREME	16-AGATGGCGS	STREME-16	16-AGATGGCGS	9	801	2.1e-056	STREME	/home/leyao/Downloads/mousegenome/jaspar.meme	MA0748.2 (YY2)	http://jaspar.genereg.net/matrix/MA0748.2
246	/home/leyao/Downloads/mousegenome/jaspar.meme	MA1512.1	KLF11	SCCACGCCCMC	11	57668	1.3e-055	CENTRIMO	 	 	http://jaspar.genereg.net/matrix/MA1512.1
247	STREME	71-CTCCACCCC	STREME-71	71-CTCCACCCC	9	281	3.9e-055	STREME	/home/leyao/Downloads/mousegenome/jaspar.meme	MA1600.1 (ZNF684)	http://jaspar.genereg.net/matrix/MA1600.1
248	/home/leyao/Downloads/mousegenome/jaspar.meme	MA1564.1	SP9	RCCACGCCCMCY	12	66971	3.1e-054	CENTRIMO	 	 	http://jaspar.genereg.net/matrix/MA1564.1
249	/home/leyao/Downloads/mousegenome/jaspar.meme	MA1133.1	JUN::JUNB(var.2)	KRTGACGTCATN	12	57182	3.2e-054	CENTRIMO	 	 	http://jaspar.genereg.net/matrix/MA1133.1
250	/home/leyao/Downloads/mousegenome/jaspar.meme	MA0835.2	BATF3	DATGACTCATH	11	64663	1.8e-051	CENTRIMO	 	 	http://jaspar.genereg.net/matrix/MA0835.2
251	/home/leyao/Downloads/mousegenome/jaspar.meme	MA0685.1	SP4	BWRGCCACGCCCMCTYH	17	13953	3.2e-051	CENTRIMO	 	 	http://jaspar.genereg.net/matrix/MA0685.1
252	/home/leyao/Downloads/mousegenome/jaspar.meme	MA0740.1	KLF14	KRCCACGCCCMCYT	14	31311	2.6e-050	CENTRIMO	 	 	http://jaspar.genereg.net/matrix/MA0740.1
253	STREME	31-TGCGCRYGCGCA	STREME-31	31-TGCGCRYGCGCA	12	522	3.6e-050	STREME	/home/leyao/Downloads/mousegenome/jaspar.meme	MA0506.1 (NRF1)	http://jaspar.genereg.net/matrix/MA0506.1
254	STREME	42-GGCAGGCAGACACCA	STREME-42	42-GGCAGGCAGACACCA	15	49	4.9e-050	STREME	 	 	 
255	/home/leyao/Downloads/mousegenome/jaspar.meme	MA0024.3	E2F1	TTTGGCGCCAAA	12	13468	2.1e-048	CENTRIMO	 	 	http://jaspar.genereg.net/matrix/MA0024.3
256	/home/leyao/Downloads/mousegenome/jaspar.meme	MA0656.1	JDP2(var.2)	GATGACGTCAYC	12	4957	2.9e-048	CENTRIMO	 	 	http://jaspar.genereg.net/matrix/MA0656.1
257	/home/leyao/Downloads/mousegenome/jaspar.meme	MA0503.1	Nkx2-5(var.2)	ARSCACTCAAS	11	58919	1.9e-046	CENTRIMO	 	 	http://jaspar.genereg.net/matrix/MA0503.1
258	/home/leyao/Downloads/mousegenome/jaspar.meme	MA0813.1	TFAP2B(var.3)	TGCCCYBRGGGCA	13	22310	3.0e-046	CENTRIMO	 	 	http://jaspar.genereg.net/matrix/MA0813.1
259	/home/leyao/Downloads/mousegenome/jaspar.meme	MA1153.1	Smad4	TGTCTRGM	8	35010	3.4e-046	CENTRIMO	 	 	http://jaspar.genereg.net/matrix/MA1153.1
260	/home/leyao/Downloads/mousegenome/jaspar.meme	MA0599.1	KLF5	GCCCCDCCCH	10	60031	6.7e-045	CENTRIMO	 	 	http://jaspar.genereg.net/matrix/MA0599.1
261	/home/leyao/Downloads/mousegenome/jaspar.meme	MA0747.1	SP8	RCCACGCCCMCY	12	72110	6.4e-041	CENTRIMO	 	 	http://jaspar.genereg.net/matrix/MA0747.1
262	/home/leyao/Downloads/mousegenome/jaspar.meme	MA0488.1	JUN	DDRATGATGTCAT	13	21583	7.8e-041	CENTRIMO	 	 	http://jaspar.genereg.net/matrix/MA0488.1
263	/home/leyao/Downloads/mousegenome/jaspar.meme	MA1136.1	FOSB::JUNB(var.2)	RTGACGTCAT	10	43317	1.1e-040	CENTRIMO	 	 	http://jaspar.genereg.net/matrix/MA1136.1
264	/home/leyao/Downloads/mousegenome/jaspar.meme	MA1651.1	ZFP42	NNNHCAARATGGCTGCCNBNN	21	45019	3.8e-040	CENTRIMO	 	 	http://jaspar.genereg.net/matrix/MA1651.1
265	/home/leyao/Downloads/mousegenome/jaspar.meme	MA1513.1	KLF15	SCCCCGCCCCS	11	21343	1.1e-039	CENTRIMO	 	 	http://jaspar.genereg.net/matrix/MA1513.1
266	/home/leyao/Downloads/mousegenome/jaspar.meme	MA0815.1	TFAP2C(var.3)	TGCCCYSRGGGCA	13	21062	1.4e-039	CENTRIMO	 	 	http://jaspar.genereg.net/matrix/MA0815.1
267	/home/leyao/Downloads/mousegenome/jaspar.meme	MA0471.2	E2F6	VVDGGCGGGAAVV	13	75768	7.9e-039	CENTRIMO	 	 	http://jaspar.genereg.net/matrix/MA0471.2
268	/home/leyao/Downloads/mousegenome/jaspar.meme	MA1140.2	JUNB(var.2)	GATGACGTCAYC	12	5652	1.5e-038	CENTRIMO	 	 	http://jaspar.genereg.net/matrix/MA1140.2
269	/home/leyao/Downloads/mousegenome/jaspar.meme	MA0472.2	EGR2	MCGCCCACGCA	11	26856	5.3e-038	CENTRIMO	 	 	http://jaspar.genereg.net/matrix/MA0472.2
270	/home/leyao/Downloads/mousegenome/jaspar.meme	MA0019.1	Ddit3::Cebpa	VNRTGCAATMCC	12	59175	1.5e-037	CENTRIMO	 	 	http://jaspar.genereg.net/matrix/MA0019.1
271	/home/leyao/Downloads/mousegenome/jaspar.meme	MA0657.1	KLF13	RTGMCACGCCCCTTTTTG	18	6334	2.3e-037	CENTRIMO	 	 	http://jaspar.genereg.net/matrix/MA0657.1
272	STREME	68-GGAAAACTGCCC	STREME-68	68-GGAAAACTGCCC	12	45	2.6e-037	STREME	 	 	 
273	/home/leyao/Downloads/mousegenome/jaspar.meme	MA0861.1	TP73	DRCATGTCNNRACAYGYM	18	13148	2.9e-037	CENTRIMO	 	 	http://jaspar.genereg.net/matrix/MA0861.1
274	/home/leyao/Downloads/mousegenome/jaspar.meme	MA1122.1	TFDP1	VSGCGGGAAVN	11	55906	1.2e-036	CENTRIMO	 	 	http://jaspar.genereg.net/matrix/MA1122.1
275	STREME	28-GTTGGCTCAA	STREME-28	28-GTTGGCTCAA	10	71	1.9e-035	STREME	 	 	 
276	/home/leyao/Downloads/mousegenome/jaspar.meme	MA0863.1	MTF1	TTTGCACACGGCAC	14	7725	1.9e-035	CENTRIMO	 	 	http://jaspar.genereg.net/matrix/MA0863.1
277	/home/leyao/Downloads/mousegenome/jaspar.meme	MA0111.1	Spz1	AGGGTWWCAGC	11	72125	3.3e-035	CENTRIMO	 	 	http://jaspar.genereg.net/matrix/MA0111.1
278	MEME	ACACACACACACACA	MEME-2	ACACACACACACACA	15	1666	1.4e-034	MEME	/home/leyao/Downloads/mousegenome/jaspar.meme	MA1107.2 (KLF9)	http://jaspar.genereg.net/matrix/MA1107.2
279	/home/leyao/Downloads/mousegenome/jaspar.meme	MA0528.2	ZNF263	VNGGGGAGGASG	12	77721	1.8e-034	CENTRIMO	 	 	http://jaspar.genereg.net/matrix/MA0528.2
280	/home/leyao/Downloads/mousegenome/jaspar.meme	MA0638.1	CREB3	VTGCCACGTCAYCR	14	12857	3.9e-034	CENTRIMO	 	 	http://jaspar.genereg.net/matrix/MA0638.1
281	STREME	8-WAACCACA	STREME-8	WAACCACA	8	3116	2.0e-033	STREME	/home/leyao/Downloads/mousegenome/jaspar.meme	MA0002.2 (RUNX1)	http://jaspar.genereg.net/matrix/MA0002.2
282	STREME	3-CTAAAAATAG	STREME-3	CTAAAAATAG	10	3172	1.4e-032	STREME	/home/leyao/Downloads/mousegenome/jaspar.meme	MA0052.4 (MEF2A)	http://jaspar.genereg.net/matrix/MA0052.4
283	/home/leyao/Downloads/mousegenome/jaspar.meme	MA0605.2	ATF3	RRTGACGTCAYY	12	3238	1.4e-032	CENTRIMO	 	 	http://jaspar.genereg.net/matrix/MA0605.2
284	/home/leyao/Downloads/mousegenome/jaspar.meme	MA1627.1	Wt1	YBCCTCCCCCACVB	14	69136	4.5e-032	CENTRIMO	 	 	http://jaspar.genereg.net/matrix/MA1627.1
285	STREME	55-CTCCTCCTCC	STREME-55	55-CTCCTCCTCC	10	195	2.1e-031	STREME	/home/leyao/Downloads/mousegenome/jaspar.meme	MA0528.2 (ZNF263)	http://jaspar.genereg.net/matrix/MA0528.2
286	/home/leyao/Downloads/mousegenome/jaspar.meme	MA0162.4	EGR1	VCMCGCCCACGCVS	14	62295	3.9e-031	CENTRIMO	 	 	http://jaspar.genereg.net/matrix/MA0162.4
287	/home/leyao/Downloads/mousegenome/jaspar.meme	MA0741.1	KLF16	GMCACGCCCCC	11	62897	5.6e-031	CENTRIMO	 	 	http://jaspar.genereg.net/matrix/MA0741.1
288	/home/leyao/Downloads/mousegenome/jaspar.meme	MA1106.1	HIF1A	SBACGTGCNN	10	28858	9.4e-031	CENTRIMO	 	 	http://jaspar.genereg.net/matrix/MA1106.1
289	STREME	38-ACTCCAGTTCCAGG	STREME-38	38-ACTCCAGTTCCAGG	14	183	2.3e-030	STREME	/home/leyao/Downloads/mousegenome/jaspar.meme	MA0640.2 (ELF3)	http://jaspar.genereg.net/matrix/MA0640.2
290	/home/leyao/Downloads/mousegenome/jaspar.meme	MA1131.1	FOSL2::JUN(var.2)	GRTGACGTMAT	11	37008	3.8e-030	CENTRIMO	 	 	http://jaspar.genereg.net/matrix/MA1131.1
291	/home/leyao/Downloads/mousegenome/jaspar.meme	MA1466.1	ATF6	TGRTGACGTGGCAN	14	3149	6.7e-030	CENTRIMO	 	 	http://jaspar.genereg.net/matrix/MA1466.1
292	/home/leyao/Downloads/mousegenome/jaspar.meme	MA1535.1	NR2C1	NRRGGTCAN	9	73385	3.4e-029	CENTRIMO	 	 	http://jaspar.genereg.net/matrix/MA1535.1
293	/home/leyao/Downloads/mousegenome/jaspar.meme	MA0160.1	NR4A2	AAGGTCAC	8	82646	5.0e-029	CENTRIMO	 	 	http://jaspar.genereg.net/matrix/MA0160.1
294	/home/leyao/Downloads/mousegenome/jaspar.meme	MA0804.1	TBX19	DTTMRCACMTAGGTGTGAAW	20	14924	1.3e-028	CENTRIMO	 	 	http://jaspar.genereg.net/matrix/MA0804.1
295	/home/leyao/Downloads/mousegenome/jaspar.meme	MA0834.1	ATF7	NDATGACGTCATMV	14	5119	4.8e-027	CENTRIMO	 	 	http://jaspar.genereg.net/matrix/MA0834.1
296	/home/leyao/Downloads/mousegenome/jaspar.meme	MA0090.3	TEAD1	NNACATTCCAGSN	13	66741	6.4e-027	CENTRIMO	 	 	http://jaspar.genereg.net/matrix/MA0090.3
297	/home/leyao/Downloads/mousegenome/jaspar.meme	MA0106.3	TP53	RACATGYCCGGRCATGTY	18	7276	1.5e-026	CENTRIMO	 	 	http://jaspar.genereg.net/matrix/MA0106.3
298	STREME	15-GGGAAGGGA	STREME-15	15-GGGAAGGGA	9	1580	2.5e-026	STREME	 	 	 
299	/home/leyao/Downloads/mousegenome/jaspar.meme	MA0510.2	RFX5	SGTTGCCATGGYAACV	16	7078	3.1e-026	CENTRIMO	 	 	http://jaspar.genereg.net/matrix/MA0510.2
300	/home/leyao/Downloads/mousegenome/jaspar.meme	MA1531.1	NR1D1	RGGTYAGTRGGTCAN	15	10822	3.7e-026	CENTRIMO	 	 	http://jaspar.genereg.net/matrix/MA1531.1
301	/home/leyao/Downloads/mousegenome/jaspar.meme	MA0615.1	Gmeb1	BHBBKKACGTMMNWNNN	17	34468	5.6e-026	CENTRIMO	 	 	http://jaspar.genereg.net/matrix/MA0615.1
302	STREME	40-CCCGAGGC	STREME-40	40-CCCGAGGC	8	3867	5.8e-026	STREME	/home/leyao/Downloads/mousegenome/jaspar.meme	MA0814.2 (TFAP2C(var.2))	http://jaspar.genereg.net/matrix/MA0814.2
303	/home/leyao/Downloads/mousegenome/jaspar.meme	MA0767.1	GCM2	BATGCGGGTR	10	69918	9.1e-026	CENTRIMO	 	 	http://jaspar.genereg.net/matrix/MA0767.1
304	/home/leyao/Downloads/mousegenome/jaspar.meme	MA1601.1	ZNF75D	NTGTGGGAAA	10	55401	2.5e-025	CENTRIMO	 	 	http://jaspar.genereg.net/matrix/MA1601.1
305	/home/leyao/Downloads/mousegenome/jaspar.meme	MA0844.1	XBP1	WDKGMCACGTCATC	14	12807	1.2e-024	CENTRIMO	 	 	http://jaspar.genereg.net/matrix/MA0844.1
306	/home/leyao/Downloads/mousegenome/jaspar.meme	MA1569.1	TFAP2E	YGCCYSRGGCD	11	24813	1.4e-024	CENTRIMO	 	 	http://jaspar.genereg.net/matrix/MA1569.1
307	STREME	67-AATTCAACAACAGG	STREME-67	67-AATTCAACAACAGG	14	55	1.8e-024	STREME	/home/leyao/Downloads/mousegenome/jaspar.meme	MA0743.2 (SCRT1)	http://jaspar.genereg.net/matrix/MA0743.2
308	/home/leyao/Downloads/mousegenome/jaspar.meme	MA0840.1	Creb5	NATGACGTCAYH	12	6508	3.8e-024	CENTRIMO	 	 	http://jaspar.genereg.net/matrix/MA0840.1
309	/home/leyao/Downloads/mousegenome/jaspar.meme	MA0765.2	ETV5	NSACTTCCGSN	11	81786	4.7e-024	CENTRIMO	 	 	http://jaspar.genereg.net/matrix/MA0765.2
310	STREME	70-GCAGGATCCTCA	STREME-70	70-GCAGGATCCTCA	12	39	1.2e-023	STREME	 	 	 
311	/home/leyao/Downloads/mousegenome/jaspar.meme	MA0604.1	Atf1	RTGACGTA	8	26225	3.6e-023	CENTRIMO	 	 	http://jaspar.genereg.net/matrix/MA0604.1
312	/home/leyao/Downloads/mousegenome/jaspar.meme	MA0060.3	NFYA	RRCCAATCAGM	11	56577	3.8e-023	CENTRIMO	 	 	http://jaspar.genereg.net/matrix/MA0060.3
313	STREME	29-CAGTCCCACAAGGC	STREME-29	29-CAGTCCCACAAGGC	14	113	1.0e-022	STREME	 	 	 
314	/home/leyao/Downloads/mousegenome/jaspar.meme	MA1557.1	SMAD5	YGTCTAGACA	10	26627	2.4e-022	CENTRIMO	 	 	http://jaspar.genereg.net/matrix/MA1557.1
315	/home/leyao/Downloads/mousegenome/jaspar.meme	MA1121.1	TEAD2	NYACATTCCWNNS	13	74116	5.8e-022	CENTRIMO	 	 	http://jaspar.genereg.net/matrix/MA1121.1
316	/home/leyao/Downloads/mousegenome/jaspar.meme	MA0154.4	EBF1	NNTCCCCAGGGGANN	15	64432	7.8e-022	CENTRIMO	 	 	http://jaspar.genereg.net/matrix/MA0154.4
317	/home/leyao/Downloads/mousegenome/jaspar.meme	MA0864.2	E2F2	RWTTTGGCGCCAWWWY	16	12986	1.6e-021	CENTRIMO	 	 	http://jaspar.genereg.net/matrix/MA0864.2
318	/home/leyao/Downloads/mousegenome/jaspar.meme	MA0131.2	HINFP	CARCGTCCGCKN	12	30947	4.3e-021	CENTRIMO	 	 	http://jaspar.genereg.net/matrix/MA0131.2
319	/home/leyao/Downloads/mousegenome/jaspar.meme	MA0695.1	ZBTB7C	RCGACCACCGAN	12	76471	8.7e-021	CENTRIMO	 	 	http://jaspar.genereg.net/matrix/MA0695.1
320	/home/leyao/Downloads/mousegenome/jaspar.meme	MA1637.1	EBF3	NYCCCAAGGGANN	13	66561	1.1e-020	CENTRIMO	 	 	http://jaspar.genereg.net/matrix/MA1637.1
321	/home/leyao/Downloads/mousegenome/jaspar.meme	MA0470.2	E2F4	TTTTGGCGCCAWWW	14	8253	7.5e-020	CENTRIMO	 	 	http://jaspar.genereg.net/matrix/MA0470.2
322	/home/leyao/Downloads/mousegenome/jaspar.meme	MA1145.1	FOSL2::JUND(var.2)	NNRTGACGTCAYHSN	15	35954	1.1e-019	CENTRIMO	 	 	http://jaspar.genereg.net/matrix/MA1145.1
323	/home/leyao/Downloads/mousegenome/jaspar.meme	MA1546.1	PAX3(var.2)	YSGTCACGSYWATTAN	16	26106	3.9e-019	CENTRIMO	 	 	http://jaspar.genereg.net/matrix/MA1546.1
324	/home/leyao/Downloads/mousegenome/jaspar.meme	MA0155.1	INSM1	TGYCWGGGGGCR	12	37257	4.2e-019	CENTRIMO	 	 	http://jaspar.genereg.net/matrix/MA0155.1
325	/home/leyao/Downloads/mousegenome/jaspar.meme	MA1143.1	FOSL1::JUND(var.2)	RTGACGTMAY	10	76649	5.8e-019	CENTRIMO	 	 	http://jaspar.genereg.net/matrix/MA1143.1
326	/home/leyao/Downloads/mousegenome/jaspar.meme	MA0527.1	ZBTB33	BTCTCGCGAGABYTS	15	16130	2.2e-018	CENTRIMO	 	 	http://jaspar.genereg.net/matrix/MA0527.1
327	/home/leyao/Downloads/mousegenome/jaspar.meme	MA1596.1	ZNF460	GCCTCMGCCTCCCRAG	16	32578	5.1e-018	CENTRIMO	 	 	http://jaspar.genereg.net/matrix/MA1596.1
328	/home/leyao/Downloads/mousegenome/jaspar.meme	MA0600.2	RFX2	SGTTGCCATGGYAACS	16	4720	1.9e-017	CENTRIMO	 	 	http://jaspar.genereg.net/matrix/MA0600.2
329	/home/leyao/Downloads/mousegenome/jaspar.meme	MA0800.1	EOMES	RAGGTGTGAAAWN	13	59607	3.3e-017	CENTRIMO	 	 	http://jaspar.genereg.net/matrix/MA0800.1
330	/home/leyao/Downloads/mousegenome/jaspar.meme	MA1523.1	MSANTD3	STVCACTCAC	10	84443	1.6e-015	CENTRIMO	 	 	http://jaspar.genereg.net/matrix/MA1523.1
331	/home/leyao/Downloads/mousegenome/jaspar.meme	MA1540.1	NR5A1	NYCAAGGTCAN	11	78818	2.7e-015	CENTRIMO	 	 	http://jaspar.genereg.net/matrix/MA1540.1
332	/home/leyao/Downloads/mousegenome/jaspar.meme	MA0492.1	JUND(var.2)	DDDRATGABGTCATN	15	18449	1.2e-014	CENTRIMO	 	 	http://jaspar.genereg.net/matrix/MA0492.1
333	/home/leyao/Downloads/mousegenome/jaspar.meme	MA1491.1	GLI3	VGACCACCCACGDHG	15	30428	1.7e-014	CENTRIMO	 	 	http://jaspar.genereg.net/matrix/MA1491.1
334	/home/leyao/Downloads/mousegenome/jaspar.meme	MA1604.1	Ebf2	NYCCCAAGGGANN	13	66633	1.6e-013	CENTRIMO	 	 	http://jaspar.genereg.net/matrix/MA1604.1
335	/home/leyao/Downloads/mousegenome/jaspar.meme	MA1548.1	PLAGL2	NGGGCCCCCN	10	41704	2.0e-013	CENTRIMO	 	 	http://jaspar.genereg.net/matrix/MA1548.1
336	/home/leyao/Downloads/mousegenome/jaspar.meme	MA1630.1	Znf281	GGTGGGGGAGG	11	50110	2.7e-013	CENTRIMO	 	 	http://jaspar.genereg.net/matrix/MA1630.1
337	/home/leyao/Downloads/mousegenome/jaspar.meme	MA1644.1	NFYC	RDCCAATCASN	11	71086	3.2e-013	CENTRIMO	 	 	http://jaspar.genereg.net/matrix/MA1644.1
338	/home/leyao/Downloads/mousegenome/jaspar.meme	MA0809.2	TEAD4	NNACATTCCARN	12	74985	5.5e-013	CENTRIMO	 	 	http://jaspar.genereg.net/matrix/MA0809.2
339	/home/leyao/Downloads/mousegenome/jaspar.meme	MA1129.1	FOSL1::JUN(var.2)	ATGACGTCAT	10	43784	1.2e-012	CENTRIMO	 	 	http://jaspar.genereg.net/matrix/MA1129.1
340	STREME	59-GACAGGAGCCTAGC	STREME-59	59-GACAGGAGCCTAGC	14	99	1.6e-012	STREME	/home/leyao/Downloads/mousegenome/jaspar.meme	MA1599.1 (ZNF682)	http://jaspar.genereg.net/matrix/MA1599.1
341	/home/leyao/Downloads/mousegenome/jaspar.meme	MA1632.1	ATF2	NNATGABGTCATN	13	40910	3.3e-012	CENTRIMO	 	 	http://jaspar.genereg.net/matrix/MA1632.1
342	/home/leyao/Downloads/mousegenome/jaspar.meme	MA0028.2	ELK1	ACCGGAAGTR	10	21377	3.4e-012	CENTRIMO	 	 	http://jaspar.genereg.net/matrix/MA0028.2
343	/home/leyao/Downloads/mousegenome/jaspar.meme	MA1649.1	ZBTB12	NYCTRGAACHN	11	80748	6.6e-012	CENTRIMO	 	 	http://jaspar.genereg.net/matrix/MA1649.1
344	/home/leyao/Downloads/mousegenome/jaspar.meme	MA0760.1	ERF	ACCGGAAGTR	10	47098	2.0e-011	CENTRIMO	 	 	http://jaspar.genereg.net/matrix/MA0760.1
345	STREME	9-WAGGAAT	STREME-9	WAGGAAT	7	25543	4.6e-011	STREME	/home/leyao/Downloads/mousegenome/jaspar.meme	MA0731.1 (BCL6B)	http://jaspar.genereg.net/matrix/MA0731.1
346	STREME	77-AAAGAGTCAGATG	STREME-77	77-AAAGAGTCAGATG	13	61	6.4e-011	STREME	/home/leyao/Downloads/mousegenome/jaspar.meme	MA0476.1 (FOS)	http://jaspar.genereg.net/matrix/MA0476.1
347	/home/leyao/Downloads/mousegenome/jaspar.meme	MA1139.1	FOSL2::JUNB(var.2)	DATGACGTCATH	12	22543	1.9e-010	CENTRIMO	 	 	http://jaspar.genereg.net/matrix/MA1139.1
348	STREME	10-KAARTA	STREME-10	10-KAARTA	6	12629	1.6e-009	STREME	 	 	 
349	STREME	11-AGTGCTGGGATTAAA	STREME-11	11-AGTGCTGGGATTAAA	15	393	2.2e-009	STREME	/home/leyao/Downloads/mousegenome/jaspar.meme	MA0682.2 (PITX1)	http://jaspar.genereg.net/matrix/MA0682.2
350	/home/leyao/Downloads/mousegenome/jaspar.meme	MA1522.1	MAZ	BBCCCCTCCCY	11	45881	3.3e-009	CENTRIMO	 	 	http://jaspar.genereg.net/matrix/MA1522.1
351	STREME	18-AAGTCCAAGGATCT	STREME-18	18-AAGTCCAAGGATCT	14	167	7.8e-009	STREME	/home/leyao/Downloads/mousegenome/jaspar.meme	MA1494.1 (HNF4A(var.2))	http://jaspar.genereg.net/matrix/MA1494.1
352	/home/leyao/Downloads/mousegenome/jaspar.meme	MA0734.2	GLI2	VGACCACCCACGWYG	15	18039	1.1e-008	CENTRIMO	 	 	http://jaspar.genereg.net/matrix/MA0734.2
353	/home/leyao/Downloads/mousegenome/jaspar.meme	MA1484.1	ETS2	DACCGGAAGY	10	36434	1.6e-008	CENTRIMO	 	 	http://jaspar.genereg.net/matrix/MA1484.1
354	/home/leyao/Downloads/mousegenome/jaspar.meme	MA1653.1	ZNF148	YBCCCCTCCCCC	12	63749	1.7e-008	CENTRIMO	 	 	http://jaspar.genereg.net/matrix/MA1653.1
355	/home/leyao/Downloads/mousegenome/jaspar.meme	MA0779.1	PAX1	CGTCACGCWTGAVTGMM	17	3634	7.5e-008	CENTRIMO	 	 	http://jaspar.genereg.net/matrix/MA0779.1
356	/home/leyao/Downloads/mousegenome/jaspar.meme	MA1538.1	NR2F1(var.3)	RAGGTCANTGACCTY	15	12625	2.8e-007	CENTRIMO	 	 	http://jaspar.genereg.net/matrix/MA1538.1
357	STREME	12-YYCCTCCC	STREME-12	12-YYCCTCCC	8	5423	3.3e-007	STREME	/home/leyao/Downloads/mousegenome/jaspar.meme	MA1627.1 (Wt1)	http://jaspar.genereg.net/matrix/MA1627.1
358	/home/leyao/Downloads/mousegenome/jaspar.meme	MA0076.2	ELK4	BCRCTTCCGGB	11	49138	3.7e-007	CENTRIMO	 	 	http://jaspar.genereg.net/matrix/MA0076.2
359	/home/leyao/Downloads/mousegenome/jaspar.meme	MA1589.1	ZNF140	TAGGAGYGGAATTGCTGGGTC	21	7953	4.4e-007	CENTRIMO	 	 	http://jaspar.genereg.net/matrix/MA1589.1
360	/home/leyao/Downloads/mousegenome/jaspar.meme	MA0495.3	MAFF	DWGTCAGCATTTTWHN	16	65019	9.1e-007	CENTRIMO	 	 	http://jaspar.genereg.net/matrix/MA0495.3
361	/home/leyao/Downloads/mousegenome/jaspar.meme	MA1600.1	ZNF684	RYACAGTCCACCCCTTKR	18	18277	1.1e-006	CENTRIMO	 	 	http://jaspar.genereg.net/matrix/MA1600.1
362	/home/leyao/Downloads/mousegenome/jaspar.meme	MA1532.1	NR1D2	RGGTYAGTRGGTCAN	15	54425	2.0e-006	CENTRIMO	 	 	http://jaspar.genereg.net/matrix/MA1532.1
363	/home/leyao/Downloads/mousegenome/jaspar.meme	MA1127.1	FOSB::JUN	GATGACGTCAT	11	38147	1.4e-005	CENTRIMO	 	 	http://jaspar.genereg.net/matrix/MA1127.1
364	/home/leyao/Downloads/mousegenome/jaspar.meme	MA0690.1	TBX21	AAGGTGTGAA	10	49257	1.5e-005	CENTRIMO	 	 	http://jaspar.genereg.net/matrix/MA0690.1
365	STREME	13-GTGGAGCCTCTCAGA	STREME-13	13-GTGGAGCCTCTCAGA	15	178	1.8e-005	STREME	/home/leyao/Downloads/mousegenome/jaspar.meme	MA1644.1 (NFYC)	http://jaspar.genereg.net/matrix/MA1644.1
366	STREME	65-CCAACCAATGGACA	STREME-65	65-CCAACCAATGGACA	14	67	2.2e-005	STREME	/home/leyao/Downloads/mousegenome/jaspar.meme	MA0143.4 (SOX2)	http://jaspar.genereg.net/matrix/MA0143.4
367	STREME	48-CCCCACCC	STREME-48	48-CCCCACCC	8	442	4.3e-004	STREME	/home/leyao/Downloads/mousegenome/jaspar.meme	MA0039.4 (KLF4)	http://jaspar.genereg.net/matrix/MA0039.4
368	/home/leyao/Downloads/mousegenome/jaspar.meme	MA0480.1	Foxo1	TSYTGTTTACH	11	51917	5.8e-004	CENTRIMO	 	 	http://jaspar.genereg.net/matrix/MA0480.1
369	/home/leyao/Downloads/mousegenome/jaspar.meme	MA0007.3	Ar	RGGWACAYNGTGTWCYY	17	6964	8.3e-004	CENTRIMO	 	 	http://jaspar.genereg.net/matrix/MA0007.3
370	STREME	49-ACCGGAAG	STREME-49	49-ACCGGAAG	8	204	1.5e-003	STREME	/home/leyao/Downloads/mousegenome/jaspar.meme	MA0028.2 (ELK1)	http://jaspar.genereg.net/matrix/MA0028.2
371	/home/leyao/Downloads/mousegenome/jaspar.meme	MA0799.1	RFX4	NGTWRCCATGGYWACS	16	24840	1.7e-003	CENTRIMO	 	 	http://jaspar.genereg.net/matrix/MA0799.1
372	/home/leyao/Downloads/mousegenome/jaspar.meme	MA0065.2	Pparg::Rxra	STRGGGCARAGGKCA	15	83756	4.8e-003	CENTRIMO	 	 	http://jaspar.genereg.net/matrix/MA0065.2
373	/home/leyao/Downloads/mousegenome/jaspar.meme	MA0473.3	ELF1	RDVCAGGAAGTGVN	14	78402	9.3e-003	CENTRIMO	 	 	http://jaspar.genereg.net/matrix/MA0473.3
374	STREME	34-ACCCACAGCCAAAC	STREME-34	34-ACCCACAGCCAAAC	14	111	1.2e-002	STREME	/home/leyao/Downloads/mousegenome/jaspar.meme	MA1107.2 (KLF9)	http://jaspar.genereg.net/matrix/MA1107.2
375	STREME	20-AGTTCRAGGCCA	STREME-20	20-AGTTCRAGGCCA	12	408	1.2e-002	STREME	/home/leyao/Downloads/mousegenome/jaspar.meme	MA0505.1 (Nr5a2)	http://jaspar.genereg.net/matrix/MA0505.1
376	STREME	21-RGAGGCAGA	STREME-21	21-RGAGGCAGA	9	3173	1.4e-002	STREME	/home/leyao/Downloads/mousegenome/jaspar.meme	MA1596.1 (ZNF460)	http://jaspar.genereg.net/matrix/MA1596.1
377	/home/leyao/Downloads/mousegenome/jaspar.meme	MA0641.1	ELF4	AACCCGGAAGTR	12	21004	1.5e-002	CENTRIMO	 	 	http://jaspar.genereg.net/matrix/MA0641.1
378	STREME	22-CCTCTGSAAGAG	STREME-22	22-CCTCTGSAAGAG	12	242	2.1e-002	STREME	/home/leyao/Downloads/mousegenome/jaspar.meme	MA0520.1 (Stat6)	http://jaspar.genereg.net/matrix/MA0520.1
379	STREME	72-CCATCTCTCCAGCCC	STREME-72	72-CCATCTCTCCAGCCC	15	129	2.6e-002	STREME	 	 	 
380	STREME	23-TACCCA	STREME-23	23-TACCCA	6	3136	2.7e-002	STREME	 	 	 
381	/home/leyao/Downloads/mousegenome/jaspar.meme	MA1645.1	NKX2-2	NNNCCACTCAANNN	14	81758	2.8e-002	CENTRIMO	 	 	http://jaspar.genereg.net/matrix/MA1645.1
382	STREME	26-TGAACTCA	STREME-26	26-TGAACTCA	8	468	2.9e-002	STREME	/home/leyao/Downloads/mousegenome/jaspar.meme	MA0693.2 (VDR)	http://jaspar.genereg.net/matrix/MA0693.2
383	STREME	27-AGTCCAACTCC	STREME-27	27-AGTCCAACTCC	11	96	3.8e-002	STREME	 	 	 

# MEME-ChIP (Motif Analysis of Large Nucleotide Datasets): Version 5.5.7 released on Wed Jun 19 13:59:04 2024 -0700
# The format of this file is described at https://meme-suite.org/meme//doc/meme-chip-output-format.html
# meme-chip -oc SRR396786_meme --db /home/leyao/Downloads/mousegenome/jaspar.meme RobustPeaks396786.resized.bed.fa
